case,load_scale,p_demand_mw,q_demand_mvar,status,objective_eur_h,q_slack_mvar,p_slack_mw,losses_mw,v_min,v_max,max_line_loading_pct,p_g1_mw,q_g1_mvar,lambda_q_g1,g1_field_binding,g1_stator_binding,loc_g1_eur_h,p_g2_mw,q_g2_mvar,lambda_q_g2,g2_field_binding,g2_stator_binding,loc_g2_eur_h,p_g3_mw,q_g3_mvar,lambda_q_g3,g3_field_binding,g3_stator_binding,loc_g3_eur_h,p_g4_mw,q_g4_mvar,lambda_q_g4,g4_field_binding,g4_stator_binding,loc_g4_eur_h
free,0.4,17.89686,4.415998031382977,optimal,1258.0128776105853,9.923849982285983e-06,14.671611858741645,0.07475183724973533,1.028028235361798,1.0500000104051468,39.70605772838875,1.1999999965808725,1.8594089124029394,-2.3588555056267465e-10,False,False,0.0,0.7499999971833303,0.1048203800036714,-4.028678849408854e-09,False,False,0.0,0.8999999926762142,2.8301009197485953,1.5765740859818758e-09,False,False,0.0,0.44999999206767066,-0.14870907590457721,-2.0539395044088568e-08,False,False,0.0
free,0.42820512820512824,19.158818076923076,4.727382507954854,optimal,1347.3157462153135,0.12813993100556573,15.941000630916635,0.0821825245927954,1.0277525887409324,1.050000010473809,41.16568359792254,1.1999999928942602,1.9612650851868625,-1.685853777649181e-10,False,False,0.0,0.7499999946155433,0.15349075059704634,-3.637252319721161e-09,False,False,0.0,0.8999999916884373,3.008855194787274,1.979796181055695e-09,False,False,0.0,0.4499999914009937,-0.19976853018200222,-3.66777004004461e-08,False,False,0.0
free,0.45641025641025645,20.420776153846155,5.038766984526731,optimal,1436.7147822166933,0.28606609688063095,17.210282444363582,0.08950627051378746,1.027468866637787,1.0500000104724532,42.34491264376054,1.199999997444591,2.0643014520795684,-1.021380384748976e-10,False,False,0.0,0.7499999992645997,0.20217783461890254,-3.301240978300532e-09,False,False,0.0,0.8999999917952398,3.0846997020524047,2.183298811211434e-09,False,False,0.0,0.4499999914919324,-0.171343521801769,-2.5575232326965623e-08,False,False,0.0
free,0.48461538461538467,21.68273423076923,5.350151461098608,optimal,1526.1881279688623,0.4502087379600857,18.48031343835186,0.09758269111781104,1.0271770088915047,1.050000010470926,43.54829804822773,1.2000001418152928,2.193927193740627,-1.9782603008985423e-11,False,False,0.0,0.7500033582056,0.22548982539203516,-3.1563491349279184e-09,False,False,0.0,0.8999999919178033,3.1614845616517964,2.4160095483736807e-09,False,False,0.0,0.44999999159648585,-0.1429135621017663,-1.954386655090175e-08,False,False,0.0
free,0.5128205128205129,22.94469230769231,5.661535937670485,optimal,1615.7182901460556,0.6818123587799194,19.604763535862176,0.1031186765629819,1.0265687022025527,1.0500000104691931,44.77518234472121,1.2606949742212188,2.2525982128423516,2.9119683896528323e-11,False,False,0.0,0.8323524903940485,0.24196460115219495,-2.8152440574913206e-09,False,False,0.0,0.8999999920598925,3.239214842706086,2.6860176740909884e-09,False,False,0.0,0.44999999171795685,-0.11447864884473496,-1.5748538397279217e-08,False,False,0.0
free,0.5410256410256411,24.20665038461539,5.972920414242361,optimal,1705.2849746414793,0.9225922694920942,20.719010743240204,0.10872044469536846,1.0259329981233496,1.0500000104672105,46.024963193619705,1.3682140414240587,2.3058675827084425,8.263387482424742e-11,False,False,0.0,0.8781460605591062,0.25866142635202327,-2.6149964589359952e-09,False,False,0.0,0.8999999922265745,3.317895727657081,3.0047109810435974e-09,False,False,0.0,0.4499999918608154,-0.08603878052960055,-1.3135423727175814e-08,False,False,0.0
free,0.5692307692307692,25.468608461538455,6.284304890814237,optimal,1794.888204668305,1.1682039059089964,21.833342427527523,0.1146042060981074,1.0252916639816394,1.0500000104649205,47.297089657120125,1.4759455764643297,2.359494821893927,1.3521176960017038e-10,False,False,0.0,0.923924679188623,0.27533705176284584,-2.435124381235133e-09,False,False,0.0,0.899999992424836,3.397532511410291,3.3886775041043812e-09,False,False,0.0,0.4499999920312567,-0.057593953491720334,-1.122291856216168e-08,False,False,0.0
free,0.5974358974358975,26.73056653846154,6.5956893673861146,optimal,1884.5283495429283,1.4186623701565213,22.94776140283834,0.12077448630368437,1.0246446685273278,1.0500000104622462,48.59105862486327,1.5838452534881062,2.413415559104774,1.8712357690348641e-10,False,False,0.0,0.969734383536066,0.29205711676605495,-2.2721512793894085e-09,False,False,0.0,0.8999999926645872,3.4781306078610155,3.863090377979721e-09,False,False,0.0,0.4499999922381242,-0.029144166304371465,-9.759663467473167e-09,False,False,0.0
free,0.6256410256410256,27.992524615384614,6.907073843957989,optimal,1974.2057855799105,1.6739831428927834,24.062270530462172,0.12723589200925645,1.023991979881067,1.0500000104591598,49.906411417595194,1.6919603078368073,2.467696096249463,2.387196843085651e-10,False,False,0.0,1.0155296836400276,0.3087567077124799,-2.1239415839585585e-09,False,False,0.0,0.8999999929603694,3.5596955491726123,4.468143476332704e-09,False,False,0.0,0.4499999924944945,-0.0006894168885216937,-8.601633396590623e-09,False,False,0.0
free,0.6538461538461539,29.254482692307693,7.218458320529867,optimal,2063.92089621926,1.9341820857351737,25.17687272854467,0.13399311277435544,1.0233335655410292,1.0500000104579286,51.24273058514888,1.8002792255935856,2.5223188379154475,2.9027907846094805e-10,False,False,0.0,1.0613238647888226,0.3254547813414044,-1.988336588170414e-09,False,False,0.0,0.8999999933344182,3.6422329888154015,5.272313615873842e-09,False,False,0.0,0.4499999928205539,0.027770296693240683,-7.660367098363898e-09,False,False,0.0
free,0.6820512820512821,30.51644076923077,7.529842797101743,optimal,2153.674072172324,2.1992754387526783,26.29157098008226,0.141050923229745,1.0226693923831873,1.0500000104842608,52.59963698336971,1.9087949014274561,2.5772724799464335,1.2408388619283938e-10,False,False,0.0,1.107125828385315,0.34216404340749984,-6.759831094521897e-10,False,False,0.0,0.8999999913867355,3.7257486910963116,2.322776323461549e-09,False,False,0.0,0.4499999911787406,0.056234995950970534,-2.495388542082109e-09,False,False,0.0
free,0.7102564102564104,31.778398846153856,7.841227273673621,optimal,2243.4657116250246,2.4692798688658653,27.406368303956203,0.1484141835757562,1.0219994265981884,1.0500000104551952,53.97678659345048,2.017531069886949,2.6325897516551757,3.944402983103626e-10,False,False,0.0,1.1529136675623584,0.35885322206979386,-1.748431083617617e-09,False,False,0.0,0.8999999944862475,3.8102485984371643,8.125342992916886e-09,False,False,0.0,0.4499999938378532,0.08470462237545874,-6.217303953917074e-09,False,False,0.0
free,0.7384615384615385,33.04035692307692,8.152611750245496,optimal,2333.2962202933386,2.7442123923579063,28.521267816878325,0.15608784422537525,1.0213236337822538,1.050000010453673,55.373868694544996,2.126465009561333,2.688237043345084,4.4762744572816154e-10,False,False,0.0,1.1987119507247876,0.37555738619801876,-1.6415295888581417e-09,False,False,0.0,0.8999999954411194,3.895738705547537,1.110672091155643e-08,False,False,0.0,0.44999999469673013,0.11317923504428845,-5.649506035653663e-09,False,False,0.0
free,0.7666666666666667,34.302315,8.463996226817374,optimal,2423.1660116908574,3.0240904658643983,29.63627267390051,0.16407694510512272,1.0206419788215348,1.0500000104520302,56.790602692874124,2.235616072216215,2.7442408132295437,5.019719471557058e-10,False,False,0.0,1.24450320598856,0.39225160514578333,-1.5419816626615072e-09,False,False,0.0,0.8999999969325265,3.9822251942177056,1.7626006315677523e-08,False,False,0.0,0.4499999960673156,0.14165880887712567,-5.155496213822514e-09,False,False,0.0
free,0.7948717948717949,35.56427307692307,8.775380703389251,optimal,2513.07550723393,3.308931951663046,30.751386099580593,0.17238661888197981,1.019954425930684,1.0500000104502554,58.22673628675239,2.3449568469054074,2.8005607599310682,5.577711496218216e-10,False,False,0.0,1.2903167511287532,0.40897769854346094,-1.4487994727045348e-09,False,False,0.0,0.8999999995893277,4.06971438790793,4.394011445329777e-08,False,False,0.0,0.4499999986009728,0.17014331691767154,-4.720742658452385e-09,False,False,0.0
free,0.823076923076923,36.82623115384615,9.086765179961125,optimal,2603.0267211030173,3.6057698935684264,31.866285456985047,0.18069617154689865,1.0192609386291918,1.050000010448326,59.58570838501027,2.4545329504809428,2.8572608182808885,6.154290475952183e-10,False,False,0.0,1.3361089054199402,0.4256733602567526,-1.361451027868916e-09,False,False,0.0,0.9000000095864311,4.127413723790209,0.05625098214742369,True,False,293.99999932894974,0.4500000029206864,0.22219579455062982,-4.0450258608392225e-09,False,False,0.0
free,0.8512820512820514,38.08818923076923,9.398149656533002,optimal,2693.0218847831748,3.920906177639566,32.98068743146868,0.1887243442623543,1.018561479727634,1.0500000104462264,60.78055735166864,2.564314578908691,2.914297261846548,6.752996777554342e-10,False,False,0.0,1.3819114385355529,0.44238390584450527,-1.279164116580723e-09,False,False,0.0,0.9000000837941734,4.127731613891821,0.07382464780978325,True,False,293.9999941344078,0.4500000423244781,0.31896090366971924,-3.071249153726196e-09,False,False,0.0
free,0.8794871794871796,39.35014730769231,9.709534133104881,optimal,2783.0564101298014,4.2696577617878875,34.0388267461423,0.19564450102910058,1.0178560113135147,1.0500000104439315,61.62388663378214,2.674311273571643,2.9716825196981493,7.378245153102997e-10,False,False,0.0,1.4277168053760703,0.459098572878235,-1.2014253723066644e-09,False,False,0.0,0.9378796385187528,4.124594487524239,0.0862727204207935,True,False,291.34842530368724,0.46705734511264246,0.38240509998299005,-2.5042560475246283e-09,False,False,0.0
free,0.9076923076923077,40.61210538461538,10.020918609676757,optimal,2873.1242023839786,4.641921309698662,35.08306263178781,0.2018716029962775,1.017144494737139,1.0500000104433231,62.23141992918683,2.784528108346498,3.0294226369481434,8.03497238751456e-10,False,False,0.0,1.4735219596313085,0.47581301667784714,-1.127768119539428e-09,False,False,0.0,0.9641028740982822,4.1225996232822295,0.0945134122604242,True,False,289.51279881312024,0.5087614137477494,0.42412808633950955,-2.091465391232556e-09,False,False,0.0
free,0.935897435897436,41.87406346153846,10.332303086248633,optimal,2963.2236292687685,5.052351704329317,36.1504754964572,0.20665413897988572,1.0164268905944092,1.0500000104386369,62.3835879891954,2.894965097463284,3.0875164306743574,8.728743870310004e-10,False,False,0.0,1.5193289464683812,0.49253015399804195,-1.0577645277747673e-09,False,False,0.0,0.9910129107233204,4.121202074233405,0.09664859901424157,True,False,287.62909624936754,0.5249351494061639,0.43555932124812285,-1.9758526459037457e-09,False,False,0.0
free,0.9641025641025641,43.13602153846154,10.64368756282051,optimal,3053.353966214446,5.468512893221723,37.21778798367573,0.21159348729857896,1.0157031587157255,1.0500000104355613,62.53932121887752,3.0056258898527206,3.145967898062866,9.466051916982138e-10,False,False,0.0,1.565136209480515,0.5092477653131442,-9.910491747126411e-10,False,False,0.0,1.017920280951386,4.119737079840488,0.09884921851022772,True,False,285.745580333403,0.5411446617997683,0.4471113907449442,-1.8644898580229534e-09,False,False,0.0
free,0.9923076923076923,44.39797961538462,10.955072039392386,optimal,3143.5154355019095,5.890434691809609,38.284998132361196,0.21669134188150707,1.0149732581457127,1.0500000104321354,62.698651188583575,3.116512334543322,3.2047784597967994,1.0254477838138577e-09,False,False,0.0,1.6109440256241667,0.525966245709435,-9.272919189206082e-10,False,False,0.0,1.04482478535686,4.1182043282848175,0.10111635271774573,True,False,283.8622650250198,0.5573916793805853,0.4587861609192052,-1.7570169055070298e-09,False,False,0.0
free,1.0205128205128207,45.65993769230769,11.266456515964263,optimal,3233.7082640202025,6.318148152749153,39.35210438771007,0.22194940101162075,1.0142371471289904,1.0500000104282967,62.861601607329916,3.2276263611073137,3.2639496434353896,1.1103016193423025e-09,False,False,0.0,1.6567526258490675,0.5426859246007616,-8.661986987797381e-10,False,False,0.0,1.0717262370315033,4.11660351444135,0.10345099562123694,True,False,281.9791634077947,0.5736774816213545,0.4705849687263338,-1.6531089330804614e-09,False,False,0.0
free,1.0487179487179488,46.92189576923077,11.577840992536142,optimal,3323.9326833714226,6.751684985145703,40.419105176703184,0.22736939768256548,1.0134947830928356,1.0500000104239655,63.028196743755224,3.338970021374109,3.3234831423884565,1.2022472578359407e-09,False,False,0.0,1.7025621542216904,0.5594070074613811,-8.075064492834094e-10,False,False,0.0,1.0986244504770564,4.114934327553856,0.10585416794599999,True,False,280.09628846660604,0.590003364137295,0.4825091771723721,-1.5524678797244717e-09,False,False,0.0
free,1.076923076923077,48.18385384615385,11.88922546910802,optimal,3414.188929977255,7.191077557078861,41.48599889962965,0.2329531009952177,1.0127461226297632,1.0500000104190415,63.19846160912983,3.450545535766475,3.383380881512071,1.3025997505377224e-09,False,False,0.0,1.748372622474857,0.5761295110602043,-7.509788498050093e-10,False,False,0.0,1.1255192412585215,4.113196450874399,0.10832692035903611,True,False,278.21365311190345,0.6063706480195669,0.49456018661276147,-1.4548192321973776e-09,False,False,0.0
free,1.1051282051282052,49.445811923076924,12.20060994567989,optimal,3504.477245190256,7.636358907551657,42.55278392788114,0.23870231715364554,1.0119911214795823,1.0500000104133942,63.372422014107855,3.5623551441981407,3.443644803830284,1.4129811400948711e-09,False,False,0.0,1.7941840600350694,0.5928534773862417,-6.964022026649596e-10,False,False,0.0,1.152410425902294,4.111389561476015,0.1108703348616307,True,False,276.3312701868394,0.6227806822139335,0.5067394376726139,-1.3599092474134106e-09,False,False,0.0
free,1.1333333333333333,50.70777,12.51199442225177,optimal,3594.797875407989,8.087562760127023,43.619458602552456,0.24461889041806728,1.0112297345108845,1.0500000104068523,63.55010460881033,3.6744012314706502,3.5042770489146227,1.5354219271098183e-09,False,False,0.0,1.839996389573364,0.6095787962321192,-6.435826802922594e-10,False,False,0.0,1.1792978218763859,4.109513330080738,0.11348552595460737,True,False,274.449152468653,0.6392348449452125,0.5190484130321729,-1.2675025199259684e-09,False,False,0.0
free,1.1615384615384616,51.96972807692308,12.823378898823647,optimal,3685.151072191268,8.544723537287917,44.686021233184135,0.25070470408043377,1.0104619157019594,1.050000010399186,63.731536920038266,3.786686007611532,3.565279496291568,1.6725041564872831e-09,False,False,0.0,1.885809747646912,0.6263056623095065,-5.923428158146994e-10,False,False,0.0,1.206181247606848,4.10756742088529,0.11617364178518372,True,False,272.56731266752064,0.6557345449540922,0.5314886389950854,-1.1773798359012452e-09,False,False,0.0
free,1.18974358974359,53.231686153846155,13.134763375395524,optimal,3775.537092387009,9.00787637533595,45.752470096508226,0.2569616814792397,1.0096876181211099,1.0500000103900786,63.916747388549474,3.899211853486844,3.6266542579519743,1.8275712856080315e-09,False,False,0.0,1.9316241401073566,0.6430340839786685,-5.425201807205345e-10,False,False,0.0,1.2330605225195734,4.10555149138048,0.1189358653214881,True,False,270.68576342362985,0.6722812227034004,0.5440616870294683,-1.0893362693615936e-09,False,False,0.0
free,1.217948717948718,54.49364423076924,13.446147851967403,optimal,3865.956198253976,9.477057139773505,46.818803435092846,0.26339178703147326,1.0089067939062948,1.0500000103790827,64.10576540755513,4.011981205369495,3.688403513027921,2.0050404183954807e-09,False,False,0.0,1.9774395585893483,0.6597640493362014,-4.939650925750079e-10,False,False,0.0,1.2599354671358642,4.103465192158258,0.12177341557560338,True,False,268.80451730048947,0.6888763516131592,0.556769175354669,-1.0031794841180862e-09,False,False,0.0
free,1.2461538461538462,55.75560230769231,13.757532328539275,optimal,3956.4086575936312,9.952302441114247,47.88501945535555,0.26999702731637143,1.0081193942437428,1.0500000103655442,64.29862136450033,4.1249965337369545,3.750529476520385,2.210883435409445e-09,False,False,0.0,2.023256003011562,0.6764955582877338,-4.465388543162405e-10,False,False,0.0,1.2868059035505062,4.101308166658646,0.1246875489222974,True,False,266.92358675146454,0.7055214393541076,0.5696127706743354,-9.187282102426284e-10,False,False,0.0
free,1.2743589743589743,57.01756038461538,14.06891680511115,optimal,4046.895511275031,10.428176155923783,48.900441294371205,0.2770623898264972,1.0072921741625742,1.0500000103571296,64.66984046044261,4.254801491126074,3.8038076214057175,2.4449114212504023e-09,False,False,0.0,2.069073469186316,0.6932286048082011,-4.001122966897625e-10,False,False,0.0,1.3461367156925117,4.094379374989393,0.13165889615249324,True,False,262.77042990152415,0.7241698040657691,0.5907985740477312,-7.981221940037718e-10,False,False,0.0
free,1.3025641025641028,58.27951846153847,14.38030128168303,optimal,4137.846019750051,10.794291777954786,48.82093085620986,0.2962052105201707,1.0057344182018289,1.0500000104354748,69.65629370104394,4.744335087853457,3.658962845440431,2.5560762918309332e-09,False,False,0.0,2.114891958075233,0.7099631884485512,-3.545644455463021e-10,False,False,0.0,2.0898725021117754,3.9590987531530963,0.23674065960580615,True,False,210.7089248521757,0.8056932678083105,0.8161104117449302,1.9638965643783568e-10,False,False,0.0
free,1.330769230769231,59.54147653846154,14.691685758254907,optimal,4229.6798026059305,11.399934861309857,48.6830721093085,0.3160642509988705,1.0040021176767497,1.0500000104626275,73.61572699102842,5.313844098328949,3.4756512050387567,2.746571692869464e-09,False,False,0.0,2.1607114354880674,0.7266992612124205,-3.097814458007301e-10,False,False,0.0,2.9427555627291806,3.7378090513159674,0.34889176488306417,True,False,151.00711060895733,0.7571575836057196,0.9288052539104368,5.70674486310951e-10,False,False,0.0
free,1.358974358974359,60.80343461538461,15.00307023482678,optimal,4322.690070539193,12.29771547258623,48.464071424738705,0.3382140706987542,1.0020370457675232,1.0500000104763425,76.4135240714556,5.988690080814912,3.2436722566720064,3.1407528477296787e-09,False,False,0.0,2.2065317290543756,0.7434365742750322,-2.6565575795980097e-10,False,False,0.0,3.916194836209629,3.3903887307708374,0.486893592586264,True,False,82.86636146532594,0.5661606152657349,0.9287087823492343,3.4289891298780106e-10,False,False,0.0
free,1.3871794871794871,62.06539269230769,15.314454711398657,optimal,4417.062334867153,13.26664917571136,48.207842148191645,0.3762854243924849,0.99995369781397,1.0500000104836102,80.62659490791681,6.710259623987852,2.9971641067221606,4.17406964150746e-09,False,False,0.0,2.252353541107711,0.7601760421605888,-2.2208300938628797e-10,False,False,0.0,4.821222623242655,2.9628276520697177,0.6715623851831973,True,False,19.5144163730141,0.4500001801703265,0.9694981593449946,3.705591334095905e-10,False,False,0.0
free,1.4153846153846152,63.32735076923076,15.625839187970534,optimal,4513.308952864862,14.409374519101858,47.87870038886646,0.4324976496284805,0.9975861594624112,1.050000010485758,85.33927529403437,6.800000062166789,3.2304510823533645,6.631652585463294e-09,False,False,0.0,3.054255707835777,0.2516292938251196,-4.4819935387837166e-10,False,False,0.0,5.1000000464984,2.808827841826475,0.8092277010327056,True,False,0.0,0.9268922134918175,0.6318861248692905,-3.273130974679219e-10,False,False,0.0
free,1.4435897435897438,64.58930884615386,15.937223664542412,optimal,4612.468250990378,15.648812530032023,47.488047879136715,0.5255139925889409,0.9949544577054518,1.0500000104881417,91.19405294564822,6.800000065434312,3.5734543781921446,1.7799781955968518e-08,False,False,0.0,4.05948395342237,-0.3910973701547597,-8.552387696447483e-10,False,False,0.0,5.100000049207067,2.8092139485068333,0.9570154444450912,True,False,0.0,1.66729089154231,0.11198756281859461,-1.1296061399141064e-09,False,False,0.0
free,1.471794871794872,65.8512669230769,16.24860814111429,infeasible,4668.664397475673,16.57883860830552,47.171412268445664,0.020145532373888386,0.99433755941681,1.050000010499951,99.79893934908031,6.800000068001847,3.7059008788143513,3.3031004859871175e-09,False,False,0.0,4.250000042501673,-0.4730755515720156,1.6142421432180032e-07,False,False,0.0,5.100000051001189,2.8096430305517157,72.05140978246435,True,False,0.0,2.550000025500417,-0.5080516587068711,6.584419202226646e-07,False,False,0.0
free,1.5,67.113225,16.559992617686163,infeasible,4666.7779313309575,16.667830685534522,47.14004078522363,-1.2731840274726665,0.9944408785960859,1.050000010496471,99.98342812083305,6.8000000681095205,3.7445676332273043,60.63114614395834,True,False,0.0,4.250000042592093,-0.40857803388558794,-1.4827675674295586e-06,False,False,0.0,5.100000051075349,2.809697748585852,72.68651182314272,True,False,0.0,2.550000025526746,-0.40438530651649257,1.3270506585914236e-05,False,False,0.0
assumed,0.4,17.89686,4.415998031382977,optimal,1270.3940330096675,4.6198672503375064,14.583081445317426,0.01724909330623703,1.0152738845431801,1.03,16.214438292264518,1.2310276543046423,0.00711967646289305,4.05990975853655,False,False,0.0,0.7500000112058312,0.007327873223425885,4.1375405775442395,False,False,0.0,0.8999999913410766,0.006124531675475804,3.6559812553587805,False,False,0.0,0.44999999113725825,0.006236236004908961,3.704111858111411,False,False,0.0
assumed,0.42820512820512824,19.158818076923076,4.727382507954854,optimal,1360.21372986283,5.017686184776646,15.707309031706359,0.018635599482145437,1.0138254327799887,1.03,16.006089205333417,1.3701445577219848,0.007297129647342866,4.126221628587785,False,False,0.0,0.7500000997579828,0.007532292784079952,4.211546849823693,False,False,0.0,0.8999999939034817,0.0061573998675664805,3.670218265857707,False,False,0.0,0.4499999933154152,0.006278748314788862,3.7222402392202953,False,False,0.0
assumed,0.45641025641025645,20.420776153846155,5.038766984526731,optimal,1450.067515234535,5.422199900405937,16.83163434048743,0.020175031874629212,1.0123665081012485,1.03,15.79858313353038,1.5093155334412878,0.0074812367156880406,4.193266145543095,False,False,0.0,0.7500013241373782,0.00774524416334225,4.286357127592174,False,False,0.0,0.8999999941357536,0.006190897909021384,3.6846637542204714,False,False,0.0,0.44999999351893627,0.006322050120208766,3.7405985584081947,False,False,0.0
assumed,0.48461538461538467,21.68273423076923,5.350151461098608,optimal,1539.9552585462577,5.833428051403193,17.956060993227183,0.02186445140030102,1.0108973303844235,1.03,16.593308049423534,1.6087133231588244,0.007672378480935868,4.261018400307157,False,False,0.0,0.7898243776349069,0.007967308721040284,4.361943303939002,False,False,0.0,0.899999994398518,0.006225041171702369,3.699320774950137,False,False,0.0,0.44999999375010036,0.006366162823145132,3.7591902315722376,False,False,0.0
assumed,0.5128205128205129,22.94469230769231,5.661535937670485,optimal,1629.8766066076428,6.251410508997068,19.080597014408525,0.023696718682579387,1.0094177551757237,1.03,17.59472925553508,1.7021374112983196,0.007871016915665432,4.329467774076779,False,False,0.0,0.8356546175070736,0.008199180195655653,4.438291762695869,False,False,0.0,0.8999999917044214,0.0062598456361087325,3.714192473895219,False,False,0.0,0.44999999145655006,0.0064111087171307354,3.7780187738207105,False,False,0.0
assumed,0.5410256410256411,24.20665038461539,5.972920414242361,optimal,1719.831771750086,6.676189344567596,20.20524249752975,0.025672640974395478,1.0079276778159363,1.03,18.599356906140894,1.7955944961250445,0.008077735286391767,4.398627405808724,False,False,0.0,0.8814860424957657,0.008441725370223413,4.515416662148841,False,False,0.0,0.8999999950843725,0.006295327944363226,3.729282084637531,False,False,0.0,0.44999999435485555,0.006456911094347304,3.797087794836997,False,False,0.0
assumed,0.5692307692307692,25.468608461538455,6.284304890814237,optimal,1809.8209794771717,7.107805650487779,21.32999736108007,0.027793246374518077,1.0064270267357716,1.03,19.607215363899535,1.8890858612658419,0.008293176504985721,4.46850866516216,False,False,0.0,0.9273184953469259,0.0086959156515995,4.59333024931465,False,False,0.0,0.8999999954967989,0.00633150539336077,3.7445929414972303,False,False,0.0,0.44999999472333946,0.006503594198661182,3.8164010140686373,False,False,0.0
assumed,0.5974358974358975,26.73056653846154,6.5956893673861146,optimal,1899.8444606226824,7.546301295665119,22.454861495230123,0.030059581168725202,1.0049157321892368,1.03,20.618333765629686,1.9826126078270891,0.0085180578519098,4.539122931649472,False,False,0.0,0.9731520254247895,0.008962851638685763,4.672044743465153,False,False,0.0,0.8999999959852624,0.006368396008314911,3.7601284724688173,False,False,0.0,0.4499999951630005,0.00655118338073755,3.8359622519292027,False,False,0.0
assumed,0.6256410256410256,27.992524615384614,6.907073843957989,optimal,1989.9024514510538,7.99171891173583,23.579834796522828,0.032472708642924175,1.0033937268047015,1.03,21.63274508763858,2.0761758980852996,0.008753182424253459,4.610481558194058,False,False,0.0,1.0189866371491172,0.009243786124888029,4.751572288371894,False,False,0.0,0.8999999965732853,0.006406018559624842,3.7758922074198753,False,False,0.0,0.44999999569700727,0.006599705107845015,3.8557754392122345,False,False,0.0
assumed,0.6538461538461539,29.254482692307693,7.218458320529867,optimal,2079.995193777653,8.44410186769629,24.704917160047977,0.03503370803202799,1.0018609463669739,1.03,22.650485443691558,2.1697769096661217,0.008999452766752623,4.682595804677622,False,False,0.0,1.0648223369702978,0.00954015230694452,4.831924870822552,False,False,0.0,0.8999999972953643,0.006444392605684916,3.7918877803773836,False,False,0.0,0.44999999635995935,0.006649187037593143,3.8758446194251017,False,False,0.0
assumed,0.6820512820512821,30.51644076923077,7.529842797101743,optimal,2170.1229350855433,8.903494234686658,25.830108478477648,0.03774367299769921,1.0003173307692894,1.03,23.67159354489772,2.2634168361862543,0.009257887234360848,4.755476757330154,False,False,0.0,1.1106591321542016,0.00985359864693185,4.913114221356292,False,False,0.0,0.8999999982043229,0.006483538534290735,3.8081189329630214,False,False,0.0,0.44999999720603456,0.006699658086199314,3.8961739524747365,False,False,0.0
assumed,0.7102564102564104,31.778398846153856,7.841227273673621,optimal,2260.2859286424327,9.369940737245019,26.955408640889342,0.040603709616487293,0.9987628252007082,1.03,24.69611027061386,2.3570968870677045,0.009529639744601004,4.829135226324086,False,False,0.0,1.1564970301023116,0.01018603231989508,4.995151688346549,False,False,0.0,0.899999999385609,0.006523477606776717,3.8245895179773903,False,False,0.0,0.44999999832537546,0.00675114850164817,3.9167677185109406,False,False,0.0
assumed,0.7384615384615385,33.04035692307692,8.152611750245496,optimal,2350.484433615809,9.843486686807115,28.080817530494652,0.043614933721208615,0.9971973816365123,1.03,25.72407831383104,2.4508182864505987,0.009816023772906118,4.903581615161113,False,False,0.0,1.2023360381527013,0.010539673855183332,5.078048077548674,False,False,0.0,0.9000000013959853,0.006564232005148063,3.8413035031465945,False,False,0.0,0.45000000030418863,0.00680368994231772,3.9376303219377458,False,False,0.0
assumed,0.7666666666666667,34.302315,8.463996226817374,optimal,2440.718715183288,10.32417789251845,29.206335026870057,0.04677846734023916,0.9956209607249569,1.03,26.75554187250552,2.5445822717842996,0.010118541698019113,4.978825753151118,False,False,0.0,1.248176163160574,0.010917126534514442,5.161813446384234,False,False,0.0,0.9000000033102286,0.006605824882108022,3.8582649749982205,False,False,0.0,0.45000000221508485,0.006857315560437451,3.9587662955750824,False,False,0.0
assumed,0.7948717948717949,35.56427307692307,8.775380703389251,optimal,2530.9890446391496,10.81206053949541,30.331960994977376,0.050095434113011095,0.994033534195697,1.03,27.790546363434167,2.6383900909105216,0.010438920945694659,5.05487667906919,False,False,0.0,1.2940174118383914,0.011321465480549351,5.246456838259705,False,False,0.0,0.90000000706657,0.006648280415250371,3.8754781430021215,False,False,0.0,0.4500000062432235,0.00691206009420185,3.980180305062021,False,False,0.0
assumed,0.823076923076923,36.82623115384615,9.086765179961125,optimal,2621.295699489667,11.307181027553145,31.45769529007713,0.05356695305384562,0.9924350879652138,1.03,28.829138137335754,2.732242999205652,0.010779158842124673,5.131742359563444,False,False,0.0,1.3398597900736573,0.01175635336659905,5.331985936573951,False,False,0.0,0.9000000136582315,0.006691623863981732,3.8929473437672732,False,False,0.0,0.45000001388533106,0.006967959963460799,4.001877153364379,False,False,0.0
assumed,0.8512820512820514,38.08818923076923,9.398149656533002,optimal,2711.638963537115,11.80958574885337,32.583537729496,0.05719413050984912,0.9908256261846545,1.03,29.87136417290497,2.8261422546475545,0.011141578720947428,5.209429319138959,False,False,0.0,1.3857033029479677,0.012226192639796069,5.418406609659536,False,False,0.0,0.9000000320989825,0.006735881631469886,3.910677045606582,False,False,0.0,0.4500000420885706,0.0070250533757593514,4.023861785558076,False,False,0.0
assumed,0.8794871794871796,39.35014730769231,9.709534133104881,optimal,2802.019126939714,12.31932080386382,33.709488175347566,0.0609780484091047,0.9892051765819725,1.03,30.91727172446841,2.9200891114546312,0.011528900700296022,5.287942148567535,False,False,0.0,1.431547954323256,0.012736328621832034,5.5057223054051905,False,False,0.0,0.9000000449608199,0.006781081329001455,3.9286718527884616,False,False,0.0,0.4500000700151338,0.007083380436364777,4.046139293688383,False,False,0.0
assumed,0.9076923076923077,40.61210538461538,10.020918609676757,optimal,2892.4364056348763,12.834783666600202,34.82516105765184,0.06500047915448448,0.9875737976095181,1.03,31.96690789068024,3.0140848107984333,0.011944331759383395,5.367282843650918,False,False,0.0,1.4773937467273535,0.013293324748614218,5.593933235539995,False,False,0.0,0.9000001634976684,0.006827336345061744,3.9469698290272435,False,False,0.0,0.4604660850945625,0.007142955230974695,4.068704344159788,False,False,0.0
assumed,0.935897435897436,41.87406346153846,10.332303086248633,optimal,2982.8900042649866,13.354005608642929,35.919411932563996,0.06934673546979297,0.9859315881568901,1.03,33.020319060065894,3.1081305686076846,0.012391681439889436,5.44744990262371,False,False,0.0,1.523240680382999,0.013905342085562341,5.6830352598023515,False,False,0.0,0.9000003675121605,0.006874733740266927,3.965597461957695,False,False,0.0,0.49262664794141714,0.0072037358705089,4.091530391038214,False,False,0.0
assumed,0.9641025641025641,43.13602153846154,10.64368756282051,optimal,3073.379867782406,13.879946366964381,37.01157474931355,0.07386753809601032,0.9842787009834416,1.03,34.0775501685447,3.2022275573807217,0.012875511880447365,5.528437073711944,False,False,0.0,1.5690887527718633,0.014582672843930326,5.773018333648794,False,False,0.0,0.9058708943213241,0.006923132179782459,3.9844913458105173,False,False,0.0,0.5211271227700868,0.00726580705590323,4.11463826256029,False,False,0.0
assumed,0.9923076923076923,44.39797961538462,10.955072039392386,optimal,3163.9061286325955,14.41162003322266,38.096013671341176,0.0786119564015948,0.9826153616458323,1.03,35.13864367156421,3.296376881784751,0.013401334199066528,5.610231578327385,False,False,0.0,1.614937954216588,0.015338506802016373,5.863864299966504,False,False,0.0,0.9328884229899044,0.006972611172754783,4.00367479745703,False,False,0.0,0.5363746414537981,0.007329234448262978,4.138040593524663,False,False,0.0
assumed,1.0205128205128207,45.65993769230769,11.266456515964263,optimal,3254.469014312039,14.950330027083371,39.18051019736698,0.08351616130586592,0.9809418959500062,1.03,36.20363807004185,3.3905795345766423,0.01397586820761126,5.692811576108358,False,False,0.0,1.6607882829133094,0.016190060216155083,5.9555437246522915,False,False,0.0,0.9599542448544583,0.007023123900784042,4.0231217036849225,False,False,0.0,0.5516215939021653,0.007394015599872141,4.1617242391750455,False,False,0.0
assumed,1.0487179487179488,46.92189576923077,11.577840992536142,optimal,3345.068833815957,15.496097663046072,40.265062903439414,0.08858047279615278,0.9792587702361684,1.03,37.272565751727186,3.484836352810244,0.014607387651009832,5.776142313097329,False,False,0.0,1.7066397095413752,0.017160284073521385,6.048011078420651,False,False,0.0,0.9870681029060668,0.007074703637369433,4.042836889321194,False,False,0.0,0.5668691733298263,0.007460198903609727,4.185694344709237,False,False,0.0
assumed,1.076923076923077,48.18385384615385,11.88922546910802,optimal,3435.705900230727,16.048932892879815,41.34966922468722,0.0938048088081942,0.977566653414279,1.03,38.34544968543484,3.579147917586745,0.015306183317597886,5.860170370892556,False,False,0.0,1.7524922073088633,0.01828053675406733,6.141197498574412,False,False,0.0,1.0142322559579144,0.00712738529308432,4.062825325766,False,False,0.0,0.582117049421307,0.007527835338608948,4.209956205575943,False,False,0.0
assumed,1.1051282051282052,49.445811923076924,12.20060994567989,optimal,3526.380529579577,16.608828600854295,42.434326674392885,0.09918846119225577,0.975866514587215,1.03,39.42229821996768,3.6735144216587416,0.01608518181844525,5.944814460040447,False,False,0.0,1.798345729646176,0.019594919493818037,6.234999156098842,False,False,0.0,1.0414480630597172,0.007181205460451961,4.083092131833352,False,False,0.0,0.5973654955116678,0.00759697859183814,4.234515270832717,False,False,0.0
assumed,1.1333333333333333,50.70777,12.51199442225177,optimal,3617.0930389271193,17.17575070679735,43.5190321701865,0.10472974963898452,0.974159784078001,1.03,40.50309651960339,3.76793543695904,0.016960762006699368,6.029950299337644,False,False,0.0,1.8442002053014808,0.021167622287115676,6.329258041096042,False,False,0.0,1.0687175781100886,0.0072362025417098234,4.103642580997796,False,False,0.0,0.6126143590818816,0.007667685246520874,4.259377149487288,False,False,0.0
assumed,1.1615384615384616,51.96972807692308,12.823378898823647,optimal,3707.843743315957,17.74962126858511,44.603782164189695,0.11042541189001298,0.972448631901176,1.03,41.58779176866747,3.862409512864707,0.017953782874822247,6.115384454392664,False,False,0.0,1.89005552343603,0.02309601411367541,6.423728521629707,False,False,0.0,1.0960426124130394,0.007292416854595957,4.124482105939124,False,False,0.0,0.6278636759096216,0.007740014993957017,4.284547615726243,False,False,0.0
assumed,1.18974358974359,53.231686153846155,13.134763375395524,optimal,3798.6329505342123,18.33028736753822,45.688572179991404,0.11626949325218305,0.9707364779231674,1.03,42.67626608832618,3.9569334361136432,0.019090704204452597,6.2008064182702824,False,False,0.0,1.9359115072112523,0.025535389192073953,6.5180156955480015,False,False,0.0,1.1234250685895186,0.007349890760299046,4.145616305178788,False,False,0.0,0.6431134551925254,0.007814030854202018,4.3100326154331405,False,False,0.0
assumed,1.217948717948718,54.49364423076924,13.446147851967403,optimal,3889.52004419834,18.812390945074508,46.32595353545424,0.12760580514110842,0.9708836154352325,1.03,43.684217010975416,4.227718471277817,0.02239201286816955,6.391586256508036,False,False,0.0,1.9818416884585655,0.03390523182315814,6.71406244745379,False,False,0.0,1.4273674153592957,0.007717031914401958,4.27657820530007,False,False,0.0,0.6583689253604281,0.008219089283349515,4.444726864364178,False,False,0.0
assumed,1.2461538461538462,55.75560230769231,13.757532328539275,optimal,3981.135655829799,19.065015614672806,46.222561637699336,0.15381867197532983,0.9751475863424114,1.03,44.50211941596795,4.7913390859675795,0.031677112540216046,6.675278234749753,False,False,0.0,2.027861831375137,0.1055140812340984,6.968772765236917,False,False,0.0,2.1940245609435514,0.008731486315133258,4.604000778355693,False,False,0.0,0.6736338636820328,0.009327955905395013,4.774756457995918,False,False,0.0
assumed,1.2743589743589743,57.01756038461538,14.06891680511115,optimal,4073.623556013466,19.21781660273764,46.15924121852882,0.1869539454526361,0.9811809556736315,1.03,47.32610678161106,5.342954043038268,0.03941442090286979,6.785026375092458,False,False,0.0,2.0739351358042395,0.2822714976724991,6.995611404802544,False,False,0.0,2.939485056005093,0.009950676872311832,4.937495348583654,False,False,0.0,0.6888988766915949,0.010684639064644726,5.1107799622060766,False,False,0.0
assumed,1.3025641025641028,58.27951846153847,14.38030128168303,optimal,4166.972447042147,19.358617988706623,46.1003680512319,0.23071001724056828,0.9871478607466405,1.03,53.53180554448104,5.899429119043315,0.05260761692633328,6.876862001032996,False,False,0.0,2.1202258688431908,0.4754084350441085,6.998451930749517,False,False,0.0,3.686041458117432,0.011518809733148156,5.285953498216124,False,False,0.0,0.7041639815432044,0.012473513665270709,5.461553038001555,False,False,0.0
assumed,1.330769230769231,59.54147653846154,14.691685758254907,optimal,4261.18865901689,19.49185606246333,46.04419151376796,0.28537408449638946,0.9872350008549121,1.03,64.1545081926867,6.46211636256806,0.09273968540294543,6.959656861919353,False,False,0.0,2.1666902207191527,0.6590050524722569,6.999194221294784,False,False,0.0,4.434424177626335,0.0136663246746999,5.649162983901552,False,False,0.0,0.7194283482764277,0.015019550722627933,5.8266846981196965,False,False,0.0
assumed,1.358974358974359,60.80343461538461,15.00307023482678,optimal,4356.286655384883,19.577946055889633,46.00765211533403,0.3494169096244448,0.987558674156389,1.03,74.87413235421337,6.800000040473257,0.2777704942793064,6.995468166906908,False,False,0.0,2.418808697626502,0.7502024197717855,6.999378196198374,False,False,0.0,5.099999991921436,0.017166368208108598,6.048554449037871,False,False,0.0,0.8263906796538222,0.019474236113497207,6.227005947422498,False,False,0.0
assumed,1.3871794871794871,62.06539269230769,15.314454711398657,optimal,4452.538343080347,19.55906958168968,46.01568017584544,0.423579519598519,0.9883703981819739,1.03,84.22270656201458,6.800000061220314,0.626120706617316,6.99910737575338,False,False,0.0,3.064381927260454,0.7785247148695764,6.9994226098734655,False,False,0.0,5.100000044902736,0.02625780693848618,6.54166060221469,False,False,0.0,1.5089100026772797,0.03406728889134603,6.7166137986173355,False,False,0.0
assumed,1.4153846153846152,63.32735076923076,15.625839187970534,optimal,4550.052147321457,19.433289113479244,46.068940721355524,0.5090567584702157,0.9890640640899159,1.0316782568279748,93.02610243672427,6.800000063998646,0.9708371928955568,6.999628687120485,False,False,0.0,3.6965646774849352,0.8029449177489238,6.999457192906265,False,False,0.0,5.100000047673974,0.05215053494031168,6.874751857387131,False,False,0.0,2.1709020171879017,0.15977245131548895,6.98632930586618,False,False,0.0
assumed,1.4435897435897438,64.58930884615386,15.937223664542412,optimal,4648.987517482673,18.469633891535473,46.46367020459248,0.574361540128379,0.9910652451927815,1.0437066380091655,97.7301373623409,6.800000066898027,1.574631334825446,6.999858845821159,False,False,0.0,4.250000040740982,0.8270402601635136,6.999488358197478,False,False,0.0,5.10000005004798,0.547132798581345,6.9988311102135725,False,False,0.0,2.5500000240027476,0.37779192524295363,6.9975490508522995,False,False,0.0
assumed,1.471794871794872,65.8512669230769,16.24860814111429,infeasible,4721.142742924101,16.578838608305777,47.17141226844557,0.02014553237378891,0.9943375594168097,1.050000010499951,99.79893934908091,6.800000068001847,3.705900878814637,-3.719738213749491e-10,False,False,0.0,4.250000042501673,-0.47307555157178066,3.3686325173018804e-07,False,False,0.0,5.100000051001189,2.8096430305517166,72.05140976019125,True,False,0.0,2.550000025500417,-0.5080516587070061,6.306922862754542e-07,False,False,0.0
assumed,1.5,67.113225,16.559992617686163,infeasible,4718.35047231104,16.667830685115906,47.140040785381586,-1.2731840273636976,0.9944408785979618,1.0500000104970404,99.98342812040147,6.80000006809185,3.744567633389495,60.63114655958977,True,False,0.0,4.250000042577235,-0.40857803384620195,-1.5863430223511256e-06,False,False,0.0,5.100000051063193,2.8096977487198993,72.68651112030382,True,False,0.0,2.5500000255224307,-0.40438530647694176,1.16757648698485e-05,False,False,0.0
deadband,0.4,17.89686,4.415998031382977,optimal,1266.3111305577806,3.2548880031008878,13.553611039367505,0.029777447898649,1.0221832647921392,1.0373211701914857,21.758724488255385,1.9308877128366808,0.5777563376874965,3.006317220647011,False,False,0.0,0.750000010408393,0.2233087593120884,2.9888392307081406,False,False,0.0,1.2421386878309029,0.37171029818936063,3.220829131092088,False,False,0.0,0.4499999974551639,0.13380078057197353,3.2029312272822392,False,False,0.0
deadband,0.42820512820512824,19.158818076923076,4.727382507954854,optimal,1355.9332751245595,3.587135104490139,14.635718715719813,0.031623049437421,1.0214636669567536,1.0365649531845014,22.142378028504105,2.0707860776776417,0.619747924383204,3.0118842557659185,False,False,0.0,0.7500000951496227,0.22334530299697788,3.0012044477323934,False,False,0.0,1.2839362256778608,0.38426201847185837,3.223700218532187,False,False,0.0,0.45000001213555685,0.13381975031881524,3.209469265321976,False,False,0.0
deadband,0.45641025641025645,20.420776153846155,5.038766984526731,optimal,1445.5843621354495,3.925289641169514,15.717793858207042,0.033588475801256124,1.0207367113015173,1.0358016727163908,22.527459984855884,2.2107784788116485,0.6617676252028803,3.017663299264503,False,False,0.0,0.7500008500569726,0.2233826964041804,3.0138087549700048,False,False,0.0,1.3257914285813255,0.39683115614809833,3.2267002897040036,False,False,0.0,0.45000001399042217,0.1338391083155022,3.2161455616856522,False,False,0.0
deadband,0.48461538461538467,21.68273423076923,5.350151461098608,optimal,1535.2641817141855,4.269365285151435,16.799848411131705,0.035670712211004485,1.0200023520824502,1.035194963613716,22.91399583735963,2.311241642075583,0.6919272904939958,3.023619752668215,False,False,0.0,0.7896094269689236,0.23529909605645033,3.0217563206083446,False,False,0.0,1.3677054466141034,0.40941808243524014,3.229830771398175,False,False,0.0,0.4500000161899191,0.13385886284358545,3.2229617195136453,False,False,0.0
deadband,0.5128205128205129,22.94469230769231,5.661535937670485,optimal,1624.972271639241,4.619395408393714,17.881891588535765,0.03786095636641207,1.019260542625035,1.034609590188369,23.302012299606325,2.4049146032125996,0.7200499300907915,3.0297474897942607,False,False,0.0,0.8360675483457157,0.24926896554177644,3.029041047059189,False,False,0.0,1.4096795235020254,0.42202319421681456,3.233093133449653,False,False,0.0,0.4500000004626149,0.13387901286522697,3.2299193929374184,False,False,0.0
deadband,0.5410256410256411,24.20665038461539,5.972920414242361,optimal,1714.7087655962232,4.975409916578446,18.963921327884155,0.040159518780019,1.0185112353180188,1.034017360603744,23.691537409761853,2.498615976701712,0.7481813943386345,3.0360515914982353,False,False,0.0,0.8825576785982442,0.26324781809842596,3.03650315540599,False,False,0.0,1.4517148935493076,0.43464688344564717,3.2364888767387723,False,False,0.0,0.45000002666199235,0.13389958094389673,3.2370202561851427,False,False,0.0
deadband,0.5692307692307692,25.468608461538455,6.284304890814237,optimal,1804.4738112040961,5.337437493268359,20.045935986426034,0.04256708282076005,1.01775438156199,1.0334182179505174,24.08260021295223,2.5923526288583263,0.7763237699270558,3.0425340299859736,False,False,0.0,0.9290739362609449,0.2772340577314167,3.0441453447629767,False,False,0.0,1.4938129602719736,0.4472895910906413,3.2400195582816647,False,False,0.0,0.4500000325419411,0.13392055310248863,3.244266062871343,False,False,0.0
deadband,0.5974358974358975,26.73056653846154,6.5956893673861146,optimal,1894.267559658669,5.705507500503167,21.1279338670429,0.04508434895467772,1.0169899317721247,1.0328121100563548,24.47523095829574,2.6861298858395917,0.8044786785390259,3.04919682291694,False,False,0.0,0.9756119907159322,0.2912265239939549,3.051970177999971,False,False,0.0,1.53597510295159,0.45995174930285,3.243686770668023,False,False,0.0,0.45000004086620427,0.13394194105130153,3.25165859027898,False,False,0.0
deadband,0.6256410256410256,27.992524615384614,6.907073843957989,optimal,1984.0901657716565,6.079649973134608,22.209913190613886,0.04771203562524917,1.0162178353417335,1.0322031021902882,24.86946094285249,2.779952189799835,0.8326474744044579,3.0560420934636507,False,False,0.0,1.0221684452027031,0.3052243135359858,3.0599802226010007,False,False,0.0,1.5782027867393444,0.4726338146920827,3.2474921553437057,False,False,0.0,0.45000003865409277,0.13396374591643223,3.2591996729448445,False,False,0.0
deadband,0.6538461538461539,29.254482692307693,7.218458320529867,optimal,2073.9417880275923,6.459895630955984,23.291872109066432,0.050450879514649216,1.0154380406199233,1.031592149212331,25.26532249644486,2.873823284364601,0.8608313003142315,3.0630720535536056,False,False,0.0,1.0687406395398942,0.31922672572204963,3.068178054128082,False,False,0.0,1.620497463000376,0.48533623860543607,3.2514374026251947,False,False,0.0,0.4500000758510392,0.13398598789483443,3.266891187185412,False,False,0.0
deadband,0.6820512820512821,30.51644076923077,7.529842797101743,optimal,2163.822588641101,6.846275885663263,24.37380870048689,0.053301636040558265,1.014650494889351,1.0309740568113717,25.66284897940212,2.9677464158771665,0.8890311483583537,3.070289012393655,False,False,0.0,1.1153264545635786,0.3332332076957092,3.076566288331014,False,False,0.0,1.6628608173490014,0.49805954171370526,3.2555242546189933,False,False,0.0,0.45000001699468395,0.13400863165175136,3.274735092703329,False,False,0.0
deadband,0.7102564102564104,31.778398846153856,7.841227273673621,optimal,2253.732733639354,7.238822865574475,25.455721004141484,0.05626507935310343,1.0138551443453128,1.0303487862869016,26.06207479433924,3.0617243865930273,0.9172478760157275,3.07769532608768,False,False,0.0,1.1619242230100797,0.3472433303459772,3.0851475340891046,False,False,0.0,1.7052942202789685,0.5108041492926341,3.2597544998188415,False,False,0.0,0.4500000914833978,0.13403175163326314,3.2827333408311983,False,False,0.0
deadband,0.7384615384615385,33.04035692307692,8.152611750245496,optimal,2343.6723929127534,7.637569400586165,26.537606956022163,0.059342003775462615,1.0130519340597675,1.03,26.463035284613916,3.1557598008174503,0.9454822805263184,3.085293503609999,False,False,0.0,1.2085325566081635,0.36125673898914695,3.093924533217479,False,False,0.0,1.7477995656794056,0.5235706429744625,3.264129992172895,False,False,0.0,0.4500000477251972,0.13405527799663475,3.290888027473562,False,False,0.0
deadband,0.7666666666666667,34.302315,8.463996226817374,optimal,2433.64174032081,8.042549071248782,27.619464476469524,0.0625332229649942,1.012240807975028,1.03,26.865766885889787,3.249854944504011,0.973735062554634,3.093086066269059,False,False,0.0,1.2551503675908822,0.3752731611387219,3.1028999984139514,False,False,0.0,1.7903777356535906,0.5363593001744204,3.2686526294987597,False,False,0.0,0.4500006987469911,0.13407946080890906,3.2992011277944977,False,False,0.0
deadband,0.7948717948717949,35.56427307692307,8.775380703389251,optimal,2523.6409492773146,8.453794962213987,28.70129083459312,0.06583967387427236,1.0114217144205124,1.03,27.27031855482627,3.3440120268282403,1.0020068992341344,3.101075692759287,False,False,0.0,1.3017767284307573,0.389292366262066,3.1120767934910347,False,False,0.0,1.829100187720309,0.5479913786333679,3.2733234443499284,False,False,0.0,0.4539329732249153,0.13528460056384067,3.3070607348441934,False,False,0.0
deadband,0.823076923076923,36.82623115384615,9.086765179961125,optimal,2613.670104314906,8.87134042664306,29.783084631901456,0.06926111059852502,1.0105946032269648,1.03,27.920331060754776,3.438233048855775,1.030298404507762,3.109265083032141,False,False,0.0,1.3484109056098426,0.40331417660377517,3.1214577749117005,False,False,0.0,1.8561670722674437,0.5561265854031654,3.278141354997538,False,False,0.0,0.46959660581016116,0.14001218888057324,3.3132445576306684,False,False,0.0
deadband,0.8512820512820514,38.08818923076923,9.398149656533002,optimal,2703.729351261666,9.295225361101425,30.864846331301496,0.07279731802714906,1.0097593966373835,1.03,28.90516097386507,3.532519986880887,1.0586101845996627,3.1176570836085338,False,False,0.0,1.3950522652851072,0.4173384401663553,3.131045944302187,False,False,0.0,1.8832780237494522,0.5642754085345317,3.283110434255054,False,False,0.0,0.4852899415794338,0.14474848564536766,3.3195790884759826,False,False,0.0
deadband,0.8794871794871796,39.35014730769231,9.709534133104881,optimal,2793.8188797942908,9.725486412026761,31.94657360092507,0.07644918390763422,1.0089160338813208,1.03,29.89169124900149,3.626874710320046,1.0869428132281076,3.1262546008825933,False,False,0.0,1.441700291974755,0.43136503677797355,3.1408443477154564,False,False,0.0,1.9104385040645235,0.5724394939078244,3.2882327593225384,False,False,0.0,0.5010093843155442,0.14949247077335054,3.326066994175388,False,False,0.0
deadband,0.9076923076923077,40.61210538461538,10.020918609676757,optimal,2883.938884010646,10.162161037926783,33.0282640441065,0.08021761858977783,1.0080644528861311,1.03,30.879946040692634,3.721299049369012,1.115296852103532,3.135060643167096,False,False,0.0,1.4883545502994155,0.44539386733954367,3.150856127313689,False,False,0.0,1.9376534863415955,0.5806203408592169,3.293510479450824,False,False,0.0,0.516751873088633,0.15424327969319762,3.3327109362258382,False,False,0.0
deadband,0.935897435897436,41.87406346153846,10.332303086248633,optimal,2974.0895625320154,10.605287527858273,34.10991520243341,0.08410355558543614,1.007204590252819,1.03,31.86995023551652,3.815794801588195,1.1436728529574116,3.1440783152207175,False,False,0.0,1.535014673479789,0.45942485084793916,3.161084516110305,False,False,0.0,1.9649276970834348,0.5888193748471128,3.2989458161848453,False,False,0.0,0.5325146425390646,0.1590001319969827,3.3395136077268455,False,False,0.0
deadband,0.9641025641025641,43.13602153846154,10.64368756282051,optimal,3064.2711186010783,11.054905019059047,35.19152455526663,0.08810795211331168,1.0063363812278032,1.03,32.86172940905948,3.9103637443407773,1.1720713613405032,3.1533108207132545,False,False,0.0,1.5816803515620628,0.47345792127809605,3.1715328417333466,False,False,0.0,1.9922653594048902,0.5970378704272346,3.3045410653126224,False,False,0.0,0.5482954800004908,0.16376240917018992,3.346477694374662,False,False,0.0
deadband,0.9923076923076923,44.39797961538462,10.955072039392386,optimal,3154.48376019297,11.51105351278576,36.27308951348597,0.0922317899023497,1.0054597596746337,1.03,33.85530978983506,4.00500765207395,1.200492921883644,3.162761470655615,False,False,0.0,1.6283513195437047,0.4874930243861056,3.182204536948756,False,False,0.0,2.019670514195437,0.6052770476306198,3.3102985997746126,False,False,0.0,0.5640924059879091,0.16852955915669987,3.3536059270919174,False,False,0.0
deadband,1.0205128205128207,45.65993769230769,11.266456515964263,optimal,3244.727700128068,11.973773902474683,37.354607437672854,0.09647607542314773,1.004574658047872,1.03,34.85071824378227,4.099728272187017,1.2289380710316526,3.1724336585302693,False,False,0.0,1.6750273603071801,0.5015301187981361,3.193103110662176,False,False,0.0,2.0471469051588738,0.6135380374770332,3.3162208669053985,False,False,0.0,0.5799037924049101,0.17330113226912275,3.36090105945073,False,False,0.0
deadband,1.0487179487179488,46.92189576923077,11.577840992536142,optimal,3335.0031561944143,12.44310797353323,38.436075594810454,0.10084184163119403,1.0036810073576024,1.03,35.847982232630685,4.194527398812682,1.257407359389992,3.182330919580661,False,False,0.0,1.7217082766663134,0.5155691680468499,3.2042322180036242,False,False,0.0,2.0746983809820727,0.621822002668889,3.322310400278555,False,False,0.0,0.59572795959044,0.1780766606168218,3.3683659442114706,False,False,0.0
deadband,1.076923076923077,48.18385384615385,11.88922546910802,optimal,3425.310351258773,12.919098443284229,39.517491198180565,0.1053301475984938,1.002778737141683,1.03,36.847129820593096,4.2894068124618485,1.2859013335009357,3.1924568780116402,False,False,0.0,1.7683939080424376,0.529610145616911,3.2155955980061006,False,False,0.0,2.102328376539756,0.6301299819313028,3.328569812603464,False,False,0.0,0.6115636985277347,0.18285581518065,3.3760034419904845,False,False,0.0
deadband,1.1051282051282052,49.445811923076924,12.20060994567989,optimal,3515.649513404418,13.401788971607932,40.598851383375056,0.10994207994041716,1.0018677754316112,1.03,37.84818965279871,4.384368318989057,1.314420547657653,3.2028152787890014,False,False,0.0,1.8150841152721575,0.5436530306596423,3.2271971109751365,False,False,0.0,2.130040356611507,0.6384630231646956,3.3350018030029736,False,False,0.0,0.6274098287695731,0.18763827342241862,3.3838164987621475,False,False,0.0
deadband,1.1333333333333333,50.70777,12.51199442225177,optimal,3606.020876057618,13.89122418466387,41.6801532104602,0.11467875345007172,1.0009480487181737,1.03,38.85119095041919,4.47941374771991,1.3429655633662652,3.21340998580053,False,False,0.0,1.861778779329233,0.5576978077542866,3.2390407360486098,False,False,0.0,2.15783765973782,0.6468221366074941,3.341609158783094,False,False,0.0,0.6432653562029111,0.19242376689586352,3.39180812231034,False,False,0.0
deadband,1.1615384615384616,51.96972807692308,12.823378898823647,optimal,3696.424678129588,14.38744969702887,42.7613936608423,0.1195413120247153,1.000019481916792,1.03,39.85616350661115,4.574544955809539,1.3715369506917932,3.2242449859095075,False,False,0.0,1.9084777984291483,0.5717444661818895,3.251130575609779,False,False,0.0,2.185723604395494,0.6552083267060518,3.348394758249063,False,False,0.0,0.6591293694713181,0.1972120503950902,3.3999814012448986,False,False,0.0
deadband,1.18974358974359,53.231686153846155,13.134763375395524,optimal,3786.861164154105,14.890512134966755,43.84256963479977,0.12453092947593802,0.9990819983303371,1.03,40.86313768490516,4.669763832166199,1.400135289472113,3.2353243931898037,False,False,0.0,1.9551810856248482,0.5857929993302997,3.2634708598282725,False,False,0.0,2.213701427158169,0.6636225735744218,3.35536157373559,False,False,0.0,0.6750011035731104,0.20200292124570768,3.4083394977427695,False,False,0.0
deadband,1.217948717948718,54.49364423076924,13.446147851967403,optimal,3877.3305844485194,15.400459159988932,44.92367794758743,0.12964881065441602,0.9981355196126218,1.03,41.87214442014876,4.7650723011270815,1.4287611704565801,3.246652453391318,False,False,0.0,2.00188856678664,0.5998434042011593,3.276065951392184,False,False,0.0,2.241774466580745,0.6720658881799493,3.3625126747760508,False,False,0.0,0.690879759341761,0.2067961653253095,3.4168856793424713,False,False,0.0
deadband,1.2461538461538462,55.75560230769231,13.757532328539275,optimal,3967.833195245979,15.917339494013241,46.00471532731282,0.13489619209106252,0.9971799657273772,1.03,42.88321522091002,4.8604723260209495,1.457415196410071,3.258233548643706,False,False,0.0,2.048600178926168,0.6138956810092348,3.288920350443671,False,False,0.0,2.2699458608091,0.6805392216307877,3.3698512314535773,False,False,0.0,0.7067648067143284,0.21159164822156545,3.4256232737697188,False,False,0.0
deadband,1.2743589743589743,57.01756038461538,14.06891680511115,optimal,4058.36925887747,16.441202888925265,47.08567830622967,0.14027434609888445,0.9962152550371401,1.03,43.896382146855814,4.95596595546767,1.4860979960508898,3.270072206849846,False,False,0.0,2.0953158686782203,0.6279498328328341,3.302038704143152,False,False,0.0,2.298218968747783,0.6890435915656783,3.377380521580283,False,False,0.0,0.7226556315909216,0.21638920943535342,3.4345557322920297,False,False,0.0
deadband,1.3025641025641028,58.27951846153847,14.38030128168303,optimal,4149.21066267289,16.46243438643871,47.21216240096032,0.17496823087422797,0.9960155628390759,1.03,44.65849207395648,5.448959194918115,1.6341568449578323,3.3250455559421184,False,False,0.0,2.141885025640305,0.6420818036176136,3.3576666526351135,False,False,0.0,2.9128664301101796,0.873578452322426,3.421310612995676,False,False,0.0,0.7386136407837888,0.22130897473111527,3.4791937204984515,False,False,0.0
deadband,1.330769230769231,59.54147653846154,14.691685758254907,optimal,4240.76202412765,16.42982118937114,47.22352168624444,0.2224735444353101,0.9958531175740584,1.03,53.81598396143655,5.993324674449377,1.7976619303191914,3.392318026286094,False,False,0.0,2.188439154443527,0.6562438187825163,3.4255096491431036,False,False,0.0,3.604120088127598,1.0811164778292606,3.4741966826312867,False,False,0.0,0.7545444796319175,0.2262457178488287,3.532691666918991,False,False,0.0
deadband,1.358974358974359,60.80343461538461,15.00307023482678,optimal,4333.0281023722855,16.40366073325903,47.23261520808345,0.2798641367944086,0.9956694910702002,1.032097730667912,64.02800850463201,6.5421752495782926,1.962534333928788,3.467489037085286,False,False,0.0,2.234996783839576,0.670429120409522,3.5012416133400373,False,False,0.0,4.303052393683073,1.2909694542043375,3.532255782895061,False,False,0.0,0.7704591169946167,0.23119224582841622,3.5913452981656473,False,False,0.0
deadband,1.3871794871794871,62.06539269230769,15.314454711398657,optimal,4426.026241351303,16.382988854857672,47.23978938427229,0.3474303295468246,0.9953774528378281,1.0375998075083976,74.97416165997983,6.800000045154144,2.0401998565857173,3.5784598659499496,False,False,0.0,2.52653406855824,0.7581323567385313,3.5829944103080402,False,False,0.0,5.06013379923873,1.518293181014853,3.5999714284722706,False,False,0.0,0.7863657246311229,0.2361639086854781,3.6595789637387317,False,False,0.0
deadband,1.4153846153846152,63.32735076923076,15.625839187970534,optimal,4519.97812787046,16.37206544297473,47.24357626228308,0.4280987126958067,0.9952127962158918,1.0459083800838824,84.64823744072623,6.8000000612438924,2.0407437121980236,3.7680330238738855,False,False,0.0,3.1726661121041517,0.9523255962812791,3.70185086361481,False,False,0.0,5.100000043723162,1.5307715015802759,3.7804666891479495,False,False,0.0,1.4392070025722914,0.43234972641870845,3.7445321628204233,False,False,0.0
deadband,1.4435897435897438,64.58930884615386,15.937223664542412,optimal,4615.841451548572,16.570109797109556,47.17447918400496,0.5270756269470951,0.9940124356848402,1.0500000104908187,95.21116440011117,6.800000066528601,2.0310731986894863,1.1727685398769645,False,False,0.0,3.83318833871293,0.9571649347348687,0.0047010840765080155,False,False,0.0,5.100000049902342,1.5267260245210086,2.4207848485821426,False,False,0.0,2.208716833952111,0.6549066307585283,1.3763953489020309,False,False,0.0
deadband,1.471794871794872,65.8512669230769,16.24860814111429,infeasible,4689.284564724104,16.578838608308025,47.171412268444726,0.020145532373234687,0.9943375594167995,1.0500000104999483,99.79893934908259,6.8000000680019514,3.7059008788234333,2.391291259158046e-08,False,False,0.0,4.250000042501769,-0.473075551581147,1.7754871878440704e-07,False,False,0.0,5.100000051001257,2.8096430305509514,72.05140954993313,True,False,0.0,2.550000025500441,-0.5080516587069,3.556799941558209e-07,False,False,0.0
deadband,1.5,67.113225,16.559992617686163,infeasible,4687.668933608963,16.66783068297912,47.14004078618778,-1.2731840268073995,0.9944408786075363,1.050000010499944,99.98342811820082,6.800000068001738,3.7445676342166414,60.63115066966213,True,False,0.0,4.250000042501461,-0.40857803364050177,3.987284133797771e-07,False,False,0.0,5.100000051001195,2.8096977494035382,72.6865055700707,True,False,0.0,2.550000025500424,-0.40438530627480535,9.868175434703424e-07,False,False,0.0
physical,0.4,17.89686,4.415998031382977,optimal,1259.057716147994,6.0691467177957126e-05,14.671610091779547,0.07475006030689357,1.028028235394145,1.0500000104555938,39.70540142025698,1.1999999919552278,1.859408863181291,0.1904962237389324,False,False,0.0,0.7499999934019508,0.10482043670897527,0.12421999761742625,False,False,0.0,0.8999999918558773,2.8298774485752936,0.29350210554002854,False,False,0.0,0.4499999913142877,-0.1485379658024018,0.09069092312947932,False,False,0.0
physical,0.42820512820512824,19.158818076923076,4.727382507954854,optimal,1348.432837530438,0.1520869133057959,15.940123719223106,0.08130561496617261,1.0277525887324483,1.050000010453562,40.853602384365686,1.1999999941701274,1.9612649388040126,0.19597422406631568,False,False,0.0,0.7499999951762157,0.15349089488909076,0.12885094215190865,False,False,0.0,0.8999999919456899,2.903513872261528,0.2987855914229443,False,False,0.0,0.4499999913741107,-0.11914345633562128,0.09535237802301118,False,False,0.0
physical,0.45641025641025645,20.420776153846155,5.038766984526731,optimal,1437.883254869839,0.3153308939410442,17.209200377533964,0.08842421339089768,1.0274688666119245,1.050000010448572,41.960898874734994,1.2000000041096965,2.064300621532075,0.20151566575442323,False,False,0.0,0.7500000020282732,0.20217865842103652,0.13348353321796969,False,False,0.0,0.8999999920890057,2.9559604427921196,0.30256687165448287,False,False,0.0,0.44999999147611486,-0.07280159043253363,0.10270138453967696,False,False,0.0
physical,0.48461538461538467,21.68273423076923,5.350151461098608,optimal,1527.4068318050263,0.5103836953649195,18.418968422533993,0.09507687778969753,1.02704952297178,1.0500000104458636,43.09057294397227,1.258842616628625,2.136253414012354,0.20538541451000233,False,False,0.0,0.7500000855436693,0.25088368715920034,0.1381177670079672,False,False,0.0,0.8999999922569396,3.00897540428784,0.30638990827595386,False,False,0.0,0.4499999915957032,-0.02616676428167794,0.1100968478394715,False,False,0.0
physical,0.5128205128205129,22.94469230769231,5.661535937670485,optimal,1616.9756366720007,0.751744163972965,19.532540853115286,0.10020644640687948,1.0264189932220338,1.0500000104478564,44.24205209905594,1.4088013226467389,2.1594503943684016,0.206632989268357,False,False,0.0,0.7535565941428867,0.2971174179452638,0.14251685929847824,False,False,0.0,0.8999999924564295,3.0625636195039525,0.31025507755226067,False,False,0.0,0.4499999917378494,0.020761295263198566,0.11753881198236621,False,False,0.0
physical,0.5410256410256411,24.20665038461539,5.972920414242361,optimal,1706.581957033935,0.9982230702798429,20.64566417307023,0.10557735502079879,1.0257817601837205,1.0500000104455414,45.4148099732284,1.5185701017793056,2.2112711353864682,0.2094200006121182,False,False,0.0,0.797993480179766,0.314754092203749,0.14419497094989442,False,False,0.0,0.8999999926972905,3.116730050597609,0.31416276338308885,False,False,0.0,0.44999999190959766,0.06798287253948641,0.12502732239185646,False,False,0.0
physical,0.5692307692307692,25.468608461538455,6.284304890814237,optimal,1796.2256255820478,1.2496141513623271,21.758860741359268,0.11122293557412277,1.0251388982766685,1.050000010442989,46.60836352521589,1.628557209404582,2.2634118998136628,0.2122242233810449,False,False,0.0,0.8424134612335856,0.3324048032719879,0.14587441816963476,False,False,0.0,0.8999999929938796,3.1714797633714484,0.3181133576154534,False,False,0.0,0.44999999212126723,0.11549826140331661,0.1325624258394692,False,False,0.0
physical,0.5974358974358975,26.73056653846154,6.5956893673861146,optimal,1885.907018424646,1.5059326949661909,22.8721332194944,0.11714753892664831,1.0244903763689226,1.050000010440161,47.8222703129708,1.7387654263210917,2.315873250465464,0.2150456878446773,False,False,0.0,0.8868154458160246,0.35007031413299,0.14755527355774894,False,False,0.0,0.8999999933680652,3.2268179298184543,0.32210726023612124,False,False,0.0,0.44999999238860344,0.16330776490228135,0.14014417048030137,False,False,0.0
physical,0.6256410256410256,27.992524615384614,6.907073843957989,optimal,1975.6265187695135,1.7671943767345102,23.98548430956202,0.1233555933544288,1.0238361626921115,1.0500000104370106,49.0561258727347,1.8491965677630402,2.368656476192604,0.21788446332000658,False,False,0.0,0.9311993448222183,0.36775068635219665,0.1492375429745503,False,False,0.0,0.8999999938548798,3.282749830533306,0.32614487955495475,False,False,0.0,0.44999999273688523,0.21141169509416263,0.1477726058604818,False,False,0.0
physical,0.6538461538461539,29.254482692307693,7.218458320529867,optimal,2065.384517073177,2.033415260793231,25.098916768312264,0.12985160716846522,1.0231762248577296,1.05000001043348,50.309561221219326,1.9598524618203275,2.421762907536261,0.2207406213662009,False,False,0.0,0.9755650816199551,0.3854459727928497,0.15092123145190842,False,False,0.0,0.8999999945141804,3.339280857100056,0.33022663238707656,False,False,0.0,0.44999999320942874,0.25981037292407816,0.15544778291455527,False,False,0.0
physical,0.6820512820512821,30.51644076923077,7.529842797101743,optimal,2155.181411194171,2.304611805948012,26.212433408539106,0.13664017050591326,1.0225105298461235,1.0500000104294958,51.58224049143166,2.0707349617099093,2.4751939090728388,0.2236142353729044,False,False,0.0,1.019912580143114,0.4031562259140172,0.15260634398289047,False,False,0.0,0.8999999954573755,3.3964165144980987,0.3343529442369293,False,False,0.0,0.44999999388717005,0.308504128100749,0.16316975395452665,False,False,0.0
physical,0.7102564102564104,31.778398846153856,7.841227273673621,optimal,2245.0176065515216,2.580800872470605,27.32603710021994,0.1437259571585372,1.0218390439947427,1.0500000104249654,52.87385870401173,2.1818459481287316,2.528950878709633,0.22650538052236355,False,False,0.0,1.0642417631048324,0.4208814990383341,0.15429288564245697,False,False,0.0,0.899999996918098,3.454162423383436,0.338524249475143,False,False,0.0,0.4499999949407913,0.3574932988294383,0.17093857263258982,False,False,0.0
physical,0.7384615384615385,33.04035692307692,8.152611750245496,optimal,2334.8935162879234,2.861999728585189,28.439730771386856,0.15111372647778865,1.0211617329859435,1.0500000104197686,54.18413968728068,2.293187330352104,2.583035247893559,0.22941413380065803,False,False,0.0,1.1085525515294383,0.4386218466931034,0.1559808616199765,False,False,0.0,0.899999999483342,3.5125243227260645,0.3427409915390137,False,False,0.0,0.44999999680296654,0.40677823176401934,0.17875429393602876,False,False,0.0
physical,0.7666666666666667,34.302315,8.463996226817374,optimal,2424.809561437204,3.1482260618411457,29.553517407356424,0.15880832511406595,1.0204785618344467,1.0500000104137477,55.5128340746285,2.4047610470471708,2.6374484820518633,0.23234057402141442,False,False,0.0,1.1528448645609697,0.456377324716959,0.15767027722941443,False,False,0.0,0.9000000051664581,3.5715080697360664,0.34700362295565784,False,False,0.0,0.4500000009830545,0.456359279719941,0.1866169738307332,False,False,0.0
physical,0.7948717948717949,35.56427307692307,8.775380703389251,optimal,2514.766171098053,3.4394980623764715,30.66740004412115,0.16681468556557633,1.0197894948743995,1.0500000104066873,56.85971645652421,2.516569067022777,2.6921920810940265,0.23528478185273702,False,False,0.0,1.1971186194020842,0.47414799035667937,0.15936113791879564,False,False,0.0,0.9000000203540728,3.631119598284792,0.3513126026946748,False,False,0.0,0.450000011588564,0.5062367667035701,0.1945266638312308,False,False,0.0
physical,0.823076923076923,36.82623115384615,9.086765179961125,optimal,2604.7617174063744,3.8014869253981374,31.77835919313547,0.17211659733517592,1.0190944957460701,1.0500000103983054,57.32471625568323,2.6286133900360995,2.747267580026336,0.23824683985065478,False,False,0.0,1.2413737311790334,0.49193390223009215,0.1610534492655722,False,False,0.0,0.9000008857020865,3.653462049792661,0.3532332313428108,False,False,0.0,0.4500005511286404,0.52670187761926,0.19787576720597785,False,False,0.0
physical,0.8512820512820514,38.08818923076923,9.398149656533002,optimal,2694.7893143989204,4.194856923441438,32.852729772482,0.1764371287621671,1.018393527382118,1.0500000103881786,57.472707849888494,2.7408960473859825,2.8026765493749073,0.24122683248112212,False,False,0.0,1.28561011305755,0.5097351205208134,0.16274721699746833,False,False,0.0,0.9255519712368389,3.658966368981686,0.3539718411152224,False,False,0.0,0.45983845536902057,0.5328109581126046,0.19895944308230265,False,False,0.0
physical,0.8794871794871796,39.35014730769231,9.709534133104881,optimal,2784.8475352424875,4.592224833773312,33.91893625203537,0.1809900144886072,1.0176865519934981,1.0500000103757052,57.653575476651945,2.8534191028241316,2.8584205959286377,0.2442248461607887,False,False,0.0,1.3298276760498733,0.5275517068648722,0.16444244697939273,False,False,0.0,0.9538783846731536,3.664973760027965,0.35472381288615956,False,False,0.0,0.47507590659837595,0.5390100413606281,0.2000490560447565,False,False,0.0
physical,0.9076923076923077,40.61210538461538,10.020918609676757,optimal,2874.9365568475755,4.995184311563249,34.98502000561825,0.18570015051222555,1.0169735310548835,1.0500000103599665,57.8391467619659,2.9661846532514655,2.9145013632748595,0.24724096928547243,False,False,0.0,1.374026329070192,0.545383724459861,0.16613914522499784,False,False,0.0,0.9822595945216457,3.671090091626099,0.35548839823838163,False,False,0.0,0.490314952666043,0.5452218072626244,0.20114429037835158,False,False,0.0
physical,0.935897435897436,41.87406346153846,10.332303086248633,optimal,2965.056595715675,5.403762912245682,36.05097889700557,0.19056919518506987,1.016254425289671,1.0500000103394882,58.02945226815025,3.0791948294841456,2.970920532396189,0.25027529226242745,False,False,0.0,1.41820597891925,0.563231238131987,0.1678373179028438,False,False,0.0,1.0106987599655712,3.6773167894131147,0.3562657806907068,False,False,0.0,0.5055541913489938,0.5514464145507122,0.20224523185973467,False,False,0.0
physical,0.9641025641025641,43.13602153846154,10.64368756282051,optimal,3055.207872766991,5.817988734261115,37.11681072789826,0.19559884187003718,1.0155291946544638,1.050000010318713,58.22452358969594,3.1924517970015427,3.027679822250916,0.2533279075417459,False,False,0.0,1.4623665303152293,0.5810943144218681,0.16953697134456608,False,False,0.0,1.0391977171312632,3.6836553190541976,0.35705614853960493,False,False,0.0,0.520793607985281,0.5576840292848049,0.20335196755788487,False,False,0.0
physical,0.9923076923076923,44.39797961538462,10.955072039392386,optimal,3145.3906134394506,6.2378904320420165,38.18251325778804,0.2007908196744026,1.0147977983229501,1.0500000103217229,58.424393339616124,3.3059577566090907,3.0847809902487726,0.25639890964235174,False,False,0.0,1.5065078860120253,0.5989730217817881,0.17123811206365244,False,False,0.0,1.0677583346416961,3.6901071904361573,0.35785969528154926,False,False,0.0,0.5360332000081722,0.5639348222750471,0.2044645862833368,False,False,0.0
physical,1.0205128205128207,45.65993769230769,11.266456515964263,optimal,3235.605047788191,6.663497226493998,39.24808420513938,0.20614689431855737,1.014060194668901,1.0500000103246714,58.629095191867094,3.4197149447964885,3.142225832393006,0.25948839516068944,False,False,0.0,1.5506299471882838,0.6168674310266057,0.17294074679835228,False,False,0.0,1.0963825218979812,3.696673959254048,0.3586766197922892,False,False,0.0,0.5512729676041089,0.5701989693868397,0.20558317866819706,False,False,0.0
physical,1.0487179487179488,46.92189576923077,11.577840992536142,optimal,3325.851410588386,7.094838916001006,40.31352124672393,0.21166886902827997,1.0133163412471573,1.0500000103275602,58.838663928199544,3.5337256329643303,3.2000161821655384,0.2625964627141335,False,False,0.0,1.5947326148072976,0.634777616776077,0.17464488264891717,False,False,0.0,1.1250722318789914,3.703357228561691,0.35950712650024336,False,False,0.0,0.566512911884501,0.576476651763626,0.20670783722768837,False,False,0.0
physical,1.076923076923077,48.18385384615385,11.88922546910802,optimal,3416.129941441626,7.53194588950673,41.37882201742976,0.21735858538680475,1.0125661947662157,1.05000001033039,59.05313548668699,3.6479921205668293,3.2581539027077464,0.2657232125359745,False,False,0.0,1.63881579609015,0.6527036639822977,0.17635052769868448,False,False,0.0,1.1538294630916843,3.7101586503403534,0.36035142556247096,False,False,0.0,0.581753034362232,0.5827680560224726,0.20783865641698676,False,False,0.0
physical,1.1051282051282052,49.445811923076924,12.20060994567989,optimal,3506.440884885904,7.974849186157159,42.44398413387165,0.22321792225370984,1.0118097108550346,1.0500000103331244,59.27254701187595,3.762516569359529,3.3166407039482544,0.2688687369704329,False,False,0.0,1.6828795439747248,0.670645807347095,0.1780577042794609,False,False,0.0,1.1826562613606866,3.7170799271158455,0.36120973304618254,False,False,0.0,0.5969933367640486,0.5890733744449196,0.20897573268771732,False,False,0.0
physical,1.1333333333333333,50.70777,12.51199442225177,optimal,3596.7844747980316,8.425449041946063,43.50997102237361,0.22916912236348708,1.0110385615091342,1.0500000103277447,59.49693690661506,3.870895910818813,3.3684229695683254,0.2716664626392946,False,False,0.0,1.7322836466016258,0.6939593190508356,0.1802759610550185,False,False,0.0,1.2115547216153242,3.724122813635677,0.36208227111687563,False,False,0.0,0.612233820954115,0.5953928051686489,0.2101191645451839,False,False,0.0
physical,1.1615384615384616,51.96972807692308,12.823378898823647,optimal,3687.1607798105565,8.885397353769038,44.57760416292511,0.23514271770815753,1.0102455668870236,1.050000010303634,59.726344885719044,3.9676609891855956,3.4074799650045,0.2738040766295913,False,False,0.0,1.7916041638993268,0.7272182796090735,0.1834405171015265,False,False,0.0,1.2405269897224884,3.731289118614789,0.36296926823383757,False,False,0.0,0.6274744888987153,0.601726552385878,0.21126905260733717,False,False,0.0
physical,1.18974358974359,53.231686153846155,13.134763375395524,optimal,3777.570001654117,9.351314502538575,45.64511034939097,0.24128502912304128,1.009445829274974,1.0500000102713223,59.96081203154829,4.064552720365152,3.4467455883359777,0.2759540501202382,False,False,0.0,1.85101750616958,0.7606088332610904,0.18661759409436093,False,False,0.0,1.269575264393901,3.738580706554472,0.36387095935345093,False,False,0.0,0.6427153426496001,0.6080748265482084,0.21242549966547278,False,False,0.0
physical,1.217948717948718,54.49364423076924,13.446147851967403,optimal,3868.0124002206,9.823234697987138,46.71248676944172,0.24759800144970967,1.0086392991346,1.0500000102259284,60.20038085197768,4.1615742638121125,3.4862226631660698,0.2781165506979264,False,False,0.0,1.9105230154158168,0.7941305695789179,0.18980715298312792,False,False,0.0,1.2987017992138667,3.7459994996509445,0.364787586141392,False,False,0.0,0.6579563843354359,0.614437844580295,0.2135886107469784,False,False,0.0
physical,1.2461538461538462,55.75560230769231,13.757532328539275,optimal,3958.4882409062016,10.301193000712772,47.77973064486056,0.2540836158358104,1.0078259251444952,1.0500000101574956,60.44509534314726,4.258728224211912,3.5259133983584947,0.2802917143008179,False,False,0.0,1.9701205331621983,0.8277835822040577,0.1930092026799018,False,False,0.0,1.3279089051347468,3.7535474798672817,0.3657193971977611,False,False,0.0,0.6731976161587019,0.6208158301122647,0.21475849318121068,False,False,0.0
physical,1.2743589743589743,57.01756038461538,14.06891680511115,optimal,4048.997946700747,10.779490458783975,48.82420087474948,0.26102236929693134,1.0069962870194928,1.0500000100715507,60.80482843509607,4.366368976773125,3.5660530828798755,0.28248462450536216,False,False,0.0,2.02703057609703,0.8584047816163803,0.19592277845772946,False,False,0.0,1.3725423342997325,3.764522039019469,0.366838761854992,False,False,0.0,0.6884399919929447,0.6275668644682552,0.21596741667541908,False,False,0.0
physical,1.3025641025641028,58.27951846153847,14.38030128168303,optimal,4139.925743128182,10.994380148830334,48.77626092686707,0.2866597415390757,1.0056212096780872,1.0500000104405676,67.37875790270013,4.913029817080792,3.549725180842342,0.28140443208818333,False,False,0.0,2.002094747290867,0.7887702318161416,0.18929712255450618,False,False,0.0,2.170991159476887,3.944318043385317,0.3769434409539548,False,False,0.0,0.7038015523619345,0.6529050056659929,0.21888014575460135,False,False,0.0
physical,1.330769230769231,59.54147653846154,14.691685758254907,optimal,4231.68053806391,11.41585310717271,48.679341847002256,0.315336378558591,1.0040261407775908,1.0500000104272795,73.47526926320226,5.40466410718975,3.41037157140762,0.27390974978680227,False,False,0.0,2.058204123041018,0.7983093867757446,0.19020476321802354,False,False,0.0,2.9046596462601153,3.749305864846222,0.5315401479616177,True,False,153.6738247617919,0.8099431935269943,0.8944229516965065,0.25608614748382297,False,False,0.0
physical,1.358974358974359,60.80343461538461,15.00307023482678,optimal,4324.510924934781,12.310293814996744,48.460877943843755,0.3376395433348591,1.0020761009455723,1.0500000104667029,76.39110209452802,6.057352349496602,3.192405642862536,0.2621871562672995,False,False,0.0,2.119098170080675,0.8045086916155638,0.19079462075346534,False,False,0.0,3.898180613461494,3.3978872557717374,0.6700453608706279,True,False,84.12735705769539,0.60556508183694,0.8981666457500578,0.25667983053250476,False,False,0.0
physical,1.3871794871794871,62.06539269230769,15.314454711398657,optimal,4418.69784798308,13.277053096400891,48.20497781358694,0.37581355615127165,1.0000020145127593,1.0500000104798957,80.71312170787661,6.7587791613919475,2.958839724624882,0.24962556832331576,False,False,0.0,2.180944859476892,0.8100476732075925,0.19132164921126243,False,False,0.0,4.817821171900791,2.964661588897458,0.8613311504084747,True,False,19.752517966944616,0.478683242102402,0.944908047046401,0.264092192246689,False,False,0.0
physical,1.4153846153846152,63.32735076923076,15.625839187970534,optimal,4514.7956682262275,14.421994315333881,47.874900573537964,0.43190434249911647,0.9976496792771383,1.0500000104804796,85.54532817173435,6.800000062998067,3.223915024569766,0.2638817901042579,False,False,0.0,3.0245038809187648,0.2722069442324698,0.1401466555974023,False,False,0.0,5.1000000467585265,2.8088425205982097,0.9600266678096042,True,False,0.0,0.9598505475165675,0.6037230703306248,0.2099862730467755,False,False,0.0
physical,1.4435897435897438,64.58930884615386,15.937223664542412,optimal,4613.89090847702,15.659447077304522,47.48454213956579,0.5250095032878761,0.9950081466104297,1.050000010484606,91.42841822349769,6.800000065740838,3.567304687589373,0.2823499054477434,False,False,0.0,4.034662075696812,-0.37413320761772206,0.07864805313490833,False,False,0.0,5.100000049322953,2.8092259292942354,1.0505447710562514,True,False,0.0,1.695114019115328,0.08882117210443778,0.12833191451677903,False,False,0.0
physical,1.471794871794872,65.8512669230769,16.24860814111429,infeasible,4670.070117593415,16.57883860830293,47.1714122684468,0.02014553237559369,0.9943375594168136,1.0500000104999754,99.79893934908804,6.800000068002123,3.705900878782587,9.934170715210397e-09,False,False,0.0,4.250000042501673,-0.4730755515390467,1.9799083937545579e-07,False,False,0.0,5.100000051001484,2.8096430305515416,72.05141058975946,True,False,0.0,2.550000025500417,-0.5080516587047255,1.7074132959157972e-06,False,False,0.0
physical,1.5,67.113225,16.559992617686163,infeasible,4668.204045709693,16.66783068615291,47.140040784990326,-1.2731840276336186,0.9944408785933153,1.0500000104956304,99.98342812147095,6.800000068135611,3.744567632987812,60.631177043239184,True,False,0.0,4.250000042614033,-0.4085780339443017,3.846482383213119e-05,False,False,0.0,5.100000051093301,2.8096977483879066,72.68651333637204,True,False,0.0,2.5500000255331177,-0.40438530657518656,1.6427388979012314e-05,False,False,0.0
