timestamp,objective_eur_h,losses_mw,max_line_loading_pct,vmin,vmax,p_g1,q_g1,p_g2,q_g2,p_g3,q_g3,p_g4,q_g4
2021-01-10 00:00:00,1616.1620197377858,0.08085734007291379,36.823139685547254,1.026109157972167,1.0500000104468168,1.1999999977058344,2.1107966314453104,0.7499999950774358,-0.23121678562695966,0.8999999916310236,2.5982732927000383,0.44999999113157124,-0.26701427926155974
2021-01-10 01:00:00,1638.2377081370641,0.07922367131044084,37.261471193508946,1.0254829979406028,1.050000010446656,1.199999998182212,2.088242081030497,0.7499999950768613,-0.2497736905431242,0.8999999915147102,2.483731042591981,0.4499999910628604,-0.2670142960562058
2021-01-10 02:00:00,1673.3530557441402,0.08029657153590719,36.92664487046692,1.0259234592423179,1.050000010441092,1.1999999936892791,1.945834136338332,0.7499999937731677,-0.22280616743588877,0.899999991610133,2.6274757426861552,0.44999999112108796,-0.26701426759134367
2021-01-10 03:00:00,1571.143557304431,0.07337774938281072,37.188434273816846,1.0241803055653156,1.0500000104478493,1.1999999927620582,2.059329962090729,0.7499999931970722,-0.26015278191417196,0.8999999914156389,2.3026337071645706,0.449999991002379,-0.26701430711389695
2021-01-10 04:00:00,1539.8691039955913,0.07556688439024128,38.05480727944243,1.0239235424549253,1.0500000104459586,1.1999999938831607,2.1016039529251946,0.7499999937469597,-0.23786144958884878,0.8999999914205545,2.353208884168877,0.4499999910079841,-0.2670143050383352
2021-01-10 05:00:00,1550.6281215908766,0.07456549721302252,38.22368849390802,1.0247280161830783,1.0500000104395013,1.1999999970225832,2.0956644666776123,0.7499999951693186,-0.18890632609892669,0.8999999914186644,2.3055231486601193,0.4499999910040125,-0.26701430696780576
2021-01-10 06:00:00,1499.7619242664114,0.07485780485189863,38.790410417500496,1.0241346949247734,1.0500000104429392,1.1999999958926604,2.1346777483686115,0.7499999946334078,-0.2060916713880806,0.8999999914131628,2.308426746574515,0.44999999100121496,-0.26701430687344163
2021-01-10 07:00:00,1636.364397311042,0.07794871800731329,38.54127856835289,1.024228039143644,1.050000010444135,1.1999999969060111,2.1218036159956157,0.7499999948944659,-0.21954732598212304,0.8999999914523246,2.3559358460275233,0.44999999102412713,-0.2670143048679506
2021-01-10 08:00:00,1617.6396406788322,0.0793179058982858,37.74513712582837,1.0247170276396715,1.050000010441447,1.1999999963654537,2.068690029907575,0.7499999948345764,-0.2054830402307499,0.8999999914916219,2.4677615379641322,0.4499999910519478,-0.2670142981565725
2021-01-10 09:00:00,1686.2193783195196,0.08319604565965122,37.15738141420749,1.025156352401069,1.0500000104403964,1.199999994854697,2.0130322333326354,0.7499999943063926,-0.2071216862792835,0.8999999916379445,2.652097795460798,0.44999999113566636,-0.2670142530829631
2021-01-10 10:00:00,1615.6457740729068,0.08447243741162325,37.74391095189073,1.0250249785146581,1.0500000104448233,1.1999999978797935,2.083135792662639,0.749999995218209,-0.20974447323242615,0.899999991596217,2.666372875186375,0.4499999911131472,-0.2670142431924998
2021-01-10 11:00:00,1854.0695744804118,0.10018026709240146,40.55493917401327,1.0237839787008112,1.0500000104791098,1.2000000573309355,2.231291577476926,0.7499999939952328,-0.19131306508581616,0.8999999906925813,2.85265443434015,0.44999999047640526,-0.19615834123766665
2021-01-10 12:00:00,1886.775325365004,0.09779027968121312,41.66393897856117,1.022783056896529,1.0500000104504223,1.20000009526032,2.3422410965821165,0.7499999990716967,-0.21584149303828182,0.8999999918003839,2.7304554453602647,0.4499999912269788,-0.267014135864423
2021-01-10 13:00:00,1737.3248727966193,0.09608299284473532,42.9281584047735,1.0219588657331453,1.0500000104452056,1.2451647710328277,2.3821866653429056,0.7500000010872815,-0.17702612126567105,0.8999999916938719,2.6667520539328935,0.44999999117353306,-0.2670142577712581
2021-01-10 14:00:00,1760.9095784855722,0.087184382263505,37.56888979812257,1.0254090237707298,1.0500000104572338,1.2000000012307384,2.4676481769549805,0.7499999951797094,-0.2701024159256847,0.8999999916461623,2.653514403317895,0.4499999911485645,-0.2670142653161918
2021-01-10 15:00:00,1574.5752561029758,0.08097299280449732,38.388251717328394,1.0274098001836829,1.050000010450316,1.1999999961342807,2.0588098662630165,0.7499999943870582,-0.2517734022907024,0.8999999916635414,2.734250875146958,0.44999999116414496,-0.26701414607504353
2021-01-10 16:00:00,1522.9385766195217,0.08543899823236956,38.65448418467993,1.0245500096727012,1.0500000104484501,1.1999999992428283,2.1816729566799626,0.7499999952333217,-0.23835978145959605,0.8999999916043981,2.686870112708603,0.44999999112715394,-0.26701423760938353
2021-01-10 17:00:00,1707.8109047820353,0.0871148824390886,38.8008533649005,1.025418297519056,1.050000010440232,1.217194634441161,2.1448381013466644,0.7500000020572819,-0.18761678102141907,0.8999999915939735,2.615229892186411,0.44999999111662164,-0.26701427627100743
2021-01-10 18:00:00,1833.790906392913,0.09223468115898825,38.63200736057376,1.025684812828155,1.0500000104324934,1.2419798751687317,2.0806950660765375,0.750000004061776,-0.1359629762006706,0.8999999916983664,2.739625639946223,0.44999999118055906,-0.26701415213405105
2021-01-10 19:00:00,1721.5864939637102,0.08547911633911198,40.03000061252299,1.0284236327928649,1.0500000104383687,1.1999999985901872,1.9134269483411939,0.7499999954954182,-0.15274561530816985,0.8999999919610466,2.846551787417561,0.4499999913766515,-0.21172568334826167
2021-01-10 20:00:00,1638.0468295843364,0.08189203689237701,37.02704834928168,1.0273286820167677,1.0500000104245428,1.2000000451035477,1.9808596936719365,0.7500000024859278,-0.10019706782005812,0.8999999917287407,2.6572060578121492,0.4499999912133854,-0.26701425979262966
2021-01-10 21:00:00,1829.2212927391483,0.08605720266439576,37.51384962571011,1.0266031142262153,1.050000010421008,1.3104603374511385,2.0305066185243734,0.750000007900971,-0.06333738565253529,0.8999999916788626,2.5916210608232615,0.449999991165802,-0.26701428494152024
2021-01-10 22:00:00,1646.3173715458731,0.08728131199992362,39.844112830492534,1.0280485037007154,1.0500000104375078,1.2361896638078682,1.9436391538883893,0.7500000125584106,-0.050383938854352224,0.8999999919076467,2.831370346957418,0.449999991333379,-0.22946397083560033
2021-01-10 23:00:00,1854.0922369400168,0.08853978250639472,37.843576309475935,1.0262277356374587,1.0500000104224203,1.3003675365908138,2.0436199681400953,0.7500000075879151,-0.11261510067547327,0.8999999917548832,2.674012686281594,0.4499999912121605,-0.2670142467488774
2021-01-11 00:00:00,1747.13931092194,0.0885181050761048,38.909338548660685,1.0270962835116961,1.0500000104312588,1.2755706524859576,1.9383826988630175,0.7500000107551433,-0.09462316173073726,0.8999999917160527,2.772404021617622,0.44999999118771955,-0.26701156840319884
2021-01-11 01:00:00,1648.2858757314032,0.07714352628691401,35.951780215136466,1.0265837024420694,1.0500000104375913,1.19999999910063,1.9734880963984542,0.7499999958070006,-0.18579522203106838,0.899999991506342,2.4657794123284114,0.4499999910640109,-0.26701429889330996
2021-01-11 02:00:00,1670.2438754397094,0.08109818994263307,37.91521013683655,1.0241861018213156,1.0500000104448044,1.1999999952492062,2.0903099564493766,0.7499999942979829,-0.2225046723331646,0.899999991503624,2.4739956671355245,0.4499999910602986,-0.26701429812570415
2021-01-11 03:00:00,1543.42644556474,0.0783996918502936,37.29749388408325,1.0244278881429298,1.0500000104473601,1.1999999937318104,2.090236383906936,0.7499999936215991,-0.23468331699154038,0.8999999914889281,2.498135643070891,0.44999999105355076,-0.2670142953732118
2021-01-11 04:00:00,1559.0231770412163,0.08339191342879104,40.006348020114416,1.0228932852164228,1.0500000104442824,1.1999999955322715,2.2035881273802658,0.7499999944686719,-0.19977334764406662,0.8999999915420344,2.5357120097982495,0.4499999910816053,-0.2670142898476916
2021-01-11 05:00:00,1595.3337559210252,0.0768899721062013,36.535339188946594,1.0249642487658537,1.050000010447928,1.199999993020783,2.035735057476592,0.7499999933505759,-0.23398739169242455,0.8999999915452015,2.4909513053977546,0.4499999910800136,-0.2670142955310041
2021-01-11 06:00:00,1682.3870558784713,0.08935130524660195,39.31995930439685,1.0242508435509219,1.0500000104396983,1.2000000052251312,2.1877982072269826,0.7499999971767001,-0.17053755293121928,0.8999999916696864,2.7189245324940825,0.44999999115711925,-0.26701414900267556
2021-01-11 07:00:00,1847.4112744548197,0.08890797384364646,39.82878092467479,1.0245556731260599,1.0500000104234226,1.2000003503965764,2.167256156934926,0.7500000066298764,-0.09306232405331262,0.8999999916433534,2.564373500333405,0.449999991132157,-0.26701428533961685
2021-01-11 08:00:00,1966.303628589282,0.09162696335062748,39.59511095417843,1.024252174572994,1.0500000104353198,1.2093947200891186,2.1811251299492405,0.7500000036335748,-0.13560216401526134,0.8999999916177882,2.5609023989627553,0.4499999911196478,-0.26701428587304976
2021-01-11 09:00:00,1883.1695375398715,0.08805380876107449,40.47303356816347,1.0236035827092265,1.0500000104276395,1.340901711128705,2.172440273037862,0.75000000629648,-0.10514581465390911,0.8999999915048054,2.4178815443574826,0.4499999910556594,-0.26701430201284343
2021-01-11 10:00:00,1747.8074716792723,0.08222030839414529,41.65167869872117,1.0228480530480941,1.050000010438526,1.233561613209108,2.3129976292410963,0.750000003008064,-0.13050167821815378,0.899999991377856,2.188175350549183,0.4499999909797864,-0.267014310662083
2021-01-11 11:00:00,1725.6674531598967,0.08320132472387343,40.31817471822681,1.0240133567468341,1.0500000104302143,1.2734090314410353,2.2237023620153917,0.750000005613724,-0.10781436816807705,0.8999999914407618,2.349485100969757,0.4499999910203485,-0.2670143056039599
2021-01-11 12:00:00,1936.543745449885,0.08990517875074744,40.584576240285166,1.023508205812195,1.0500000104324418,1.4822786145675466,2.423938551434689,0.7500000060620214,-0.10351943705977926,0.8999999915538975,2.455804567197956,0.4499999910824455,-0.2670142992800363
2021-01-11 13:00:00,1799.2499906939968,0.08721558516507244,38.39243233878946,1.0254378213123392,1.0500000104194454,1.4203050683706144,2.231933005040658,0.7500000104989324,-0.07821396850951798,0.8999999915950831,2.5897570940401784,0.44999999112094935,-0.2670142823231234
2021-01-11 14:00:00,1761.624480488668,0.08192834921733194,36.99994808294988,1.0286349278646392,1.0500000104433411,1.2667627429125694,1.926096026943573,0.7500000118659899,-0.0871164210229186,0.8999999916069118,2.627842369771275,0.44999999112657685,-0.26701427150694507
2021-01-11 15:00:00,1754.732946853713,0.08358077134067798,36.7399265577221,1.027054982326892,1.0500000104266123,1.2023108233338633,1.9972502562368992,0.7500000057208915,-0.1304910857587856,0.8999999915724052,2.5734343391355745,0.44999999110411026,-0.26701428639859015
2021-01-11 16:00:00,1863.8008319120504,0.07762759329767377,35.124494919452864,1.0284651759216106,1.050000010429076,1.3457233890999307,1.8482672115692507,0.7500000040813531,-0.15446831200553762,0.8999999919021195,2.4054857142551214,0.4499999913439592,-0.19892367109763498
2021-01-11 17:00:00,1857.8621187761614,0.08716771976294169,40.463350623086576,1.0290761654385763,1.0500000104396432,1.1999999978389975,1.8485346548777999,0.7499999953985568,-0.1883870989059832,0.8999999919446295,2.851730522288359,0.44999999134550234,-0.2112669200817709
2021-01-11 18:00:00,1879.2913662018345,0.0790732599837689,37.04389678631504,1.0293103678769284,1.050000010416577,1.360521951184823,1.7582330787832319,0.7500000073528477,-0.11499659727384554,0.8999999923816744,2.414992724342078,0.4499999917217752,-0.04060231941947105
2021-01-11 19:00:00,1988.0327709296098,0.08685834951278437,38.10271418724433,1.028729254327112,1.0500000104431808,1.200000007954669,1.9734088997871306,0.7499999971504683,-0.2058363250521513,0.8999999917425191,2.7023112263938915,0.4499999912000934,-0.2670142278814828
2021-01-11 20:00:00,1863.193049626239,0.08627736427644095,36.97405073169566,1.0267040350410788,1.0500000104337508,1.329570201337783,2.0001593740079677,0.7500000133573091,-0.06656424450681671,0.8999999916308874,2.5948718419422088,0.44999999113811356,-0.267014282320072
2021-01-11 21:00:00,1746.452385225226,0.09199945509406149,39.42922888051748,1.0248584815482285,1.050000010412522,1.3178919367440038,2.041918680043056,0.7500000127151283,-0.07281746499866781,0.8999999916878579,2.745064072272282,0.44999999117167194,-0.26701407126156507
2021-01-11 22:00:00,1772.1151954990062,0.09264515632959203,39.67552517165561,1.02450125264541,1.0500000104266658,1.4902547401997261,2.025271772585069,0.7500000283558317,-0.023433818901072025,0.8999999916595012,2.7338113835795235,0.44999999115511646,-0.26701411845886724
2021-01-11 23:00:00,1724.6427091228954,0.08373000732269986,37.97879008349714,1.0284612249199743,1.050000010446912,1.355879065267165,1.8482402808292437,0.7500000220362668,-0.053729463698200745,0.8999999916794483,2.71805561453568,0.44999999115971956,-0.2670141397242133
2021-01-12 00:00:00,1637.670904924053,0.08384277715701671,37.48532080883356,1.0270822264671333,1.0500000104399,1.3179442582291496,1.9378378087966115,0.7500000232023536,-0.031607530519924903,0.8999999916071432,2.6810848349644307,0.44999999112169514,-0.26701422357427945
2021-01-12 01:00:00,1727.3489392748718,0.08847256545699267,39.32413359607271,1.0274319076263476,1.0500000104272007,1.20483506002903,1.9812468188834533,0.7500000082107782,-0.10945412783574258,0.8999999917496831,2.796689753592397,0.4499999912093688,-0.2365919001684415
2021-01-12 02:00:00,1709.4770230237436,0.09001867833782029,41.64990966313391,1.0232830843706673,1.050000010433157,1.2194412972472406,2.2678356919391347,0.7500000049242893,-0.1286793504732201,0.8999999916135495,2.5895646090535975,0.44999999111770667,-0.2670142778829424
2021-01-12 03:00:00,1584.6513363405327,0.08613901235092669,41.497829001686554,1.0235889462470242,1.0500000104275327,1.215790274007577,2.2364849668242837,0.7500000070218289,-0.11348695865959228,0.8999999915370294,2.5240009548035394,0.44999999107719035,-0.2670142916985201
2021-01-12 04:00:00,1571.3088042785612,0.08472116614149883,39.868801353971236,1.0250704151645562,1.0500000104273675,1.2025122335409602,2.167794973392325,0.7500000065152784,-0.11348902847342578,0.8999999915678027,2.593413130791999,0.44999999109391886,-0.26701427688676577
2021-01-12 05:00:00,1691.884917105341,0.08854454065438233,38.61188593849466,1.0257360339306294,1.0500000104176135,1.2532575728286868,2.0499297079690684,0.7500000118120478,-0.07997824265392142,0.899999991666291,2.7360115577420476,0.44999999115512734,-0.26701395645678566
2021-01-12 06:00:00,1623.249558531948,0.09231705089715092,41.628112209072455,1.0267333331528392,1.0500000104246876,1.2000000193198659,1.9969284330488535,0.7500000016166307,-0.10407456464568651,0.8999999918597094,2.8971732742944525,0.4499999913000574,-0.15853814937272243
2021-01-12 07:00:00,1883.326228945344,0.089807093201415,38.09208012791457,1.0259008354862071,1.0500000104187888,1.3000442192444255,2.0580284690002664,0.7500000100548706,-0.0943603538217762,0.8999999916981178,2.685621389289797,0.44999999116593487,-0.2670142188868336
2021-01-12 08:00:00,1881.169783796048,0.08847454849121306,38.54167059681215,1.0254652818386585,1.0500000104416845,1.4261030339539917,1.9584151298522676,0.7500000550385891,0.057071392876718585,0.8999999916169058,2.602683505989305,0.44999999111807093,-0.2670142748134475
2021-01-12 09:00:00,1868.7552202280847,0.08658479513689343,37.80749396512217,1.026099553844012,1.050000010429127,1.3602297270949597,2.0045654837020934,0.7500000137629824,-0.05269048641322607,0.8999999916172432,2.589205303083541,0.44999999112053085,-0.26701427853636217
2021-01-12 10:00:00,1903.596238455861,0.09148006639944839,38.86339027917961,1.025108394046854,1.0500000104350224,1.5660188837629487,2.0593781964320854,0.75000003085651,0.08216171326627862,0.8999999917128985,2.684017851943883,0.44999999118360207,-0.2670142322195996
2021-01-12 11:00:00,1870.8439220782031,0.08854675387063793,38.84399612948611,1.0252206559715729,1.0500000104259926,1.4679325666107823,2.1153833339608026,0.7500000163585329,0.07525688184100898,0.8999999916405551,2.6002249645457503,0.4499999911367769,-0.2670142767868967
2021-01-12 12:00:00,1594.8374065379476,0.08191400559046613,38.15655965725981,1.026280000175331,1.0500000104246807,1.3818685252686045,2.0894295129856038,0.7500000116980431,0.046088367600148394,0.8999999915334507,2.5540650650593255,0.4499999910816695,-0.2670142888504669
2021-01-12 13:00:00,1691.1709671812598,0.08424815187692403,37.828827383585136,1.0259017756459958,1.0500000104517542,1.7206774033777543,1.9442774045809372,0.772221827118596,0.17527528573823495,0.8999999914853005,2.546537515912799,0.44999999105935923,-0.2670142903206976
2021-01-12 14:00:00,1804.103344852551,0.08717384952413099,38.484019934283566,1.0256280786720924,1.050000010438671,1.4919260487016528,2.0377871303952695,0.7500000345858269,0.10678036664676843,0.8999999916357341,2.6060252742233034,0.4499999911408465,-0.2670142780143784
2021-01-12 15:00:00,1783.031283607414,0.0858503643012618,37.448928557541734,1.0267099524681997,1.0500000104438418,1.372067769714207,1.9975744780800835,0.7500000347947623,0.10705697811224622,0.8999999916863043,2.6494812230113265,0.44999999116981504,-0.26701426119271077
2021-01-12 16:00:00,1806.581873166489,0.08693214264411964,38.892075223824385,1.0253009045971309,1.050000010419191,1.3594668923895827,2.13977874612763,0.7500000136252937,0.009839614047640338,0.899999991647741,2.5774102089378905,0.44999999114946043,-0.26701428485716094
2021-01-12 17:00:00,2017.4787841490352,0.09925089085347238,40.63359221200261,1.0255211305302705,1.0500000104290141,1.4639950293853587,2.084667128340821,0.7500000186464589,-0.02857999745650868,0.8999999920968657,2.870715752369133,0.4499999914364557,-0.1790638472122542
2021-01-12 18:00:00,2128.1316058163534,0.09269625591226571,37.69653862467789,1.0268671245590948,1.0500000104372378,1.4166611917383305,1.9911276705937417,0.7500000149749743,-0.04010440209354925,0.8999999918724592,2.6934784302119144,0.4499999912625682,-0.26701422637128575
2021-01-12 19:00:00,2012.9406134691178,0.09465307074342277,39.601466731886305,1.0269639542725273,1.0500000104393765,1.301262317644605,1.9554222899771796,0.7500000172927913,-0.00021879068420941445,0.8999999918816287,2.800590230496836,0.4499999912685434,-0.24882970334768073
2021-01-12 20:00:00,2081.675090786039,0.08796669131154644,36.97462667755347,1.0267293192366582,1.0500000104591691,1.5077783795033215,1.8998425559845482,0.789708626910639,0.5714164208462273,0.8999999915644341,2.4608075810740067,0.44999999107104227,-0.2670143001709961
2021-01-12 21:00:00,1885.8746131102703,0.08448374588374818,37.16818853936878,1.027031922636613,1.0500000104526754,1.5439145698462913,1.8792476411819703,0.7500278878753015,0.0787222220924969,0.8999999915589408,2.480899188276075,0.44999999107590627,-0.2670142988952985
2021-01-12 22:00:00,1941.1353318673637,0.09362167945409894,38.94625808072689,1.0254434797578103,1.0500000104339156,1.618856059744364,2.027197439396324,0.7500000335922521,0.02532725961335808,0.8999999916867858,2.6724895270286897,0.44999999114412514,-0.2670142558912811
2021-01-12 23:00:00,1806.1700814022718,0.08873631403794491,38.05205838677438,1.0265604856152426,1.050000010445446,1.5871082355098667,1.9358569394070204,0.7500000746100961,0.04464665245766465,0.8999999916219295,2.6643403822099123,0.4499999911105748,-0.2670142550812752
2021-01-13 00:00:00,2179.582007108097,0.09687591247262262,39.22583450833612,1.025346429035957,1.0500000104229161,1.4050088272293395,2.0462466194404523,0.7500000187003171,-0.020181844780875674,0.8999999917815642,2.5717008806067954,0.44999999117355405,-0.2670142865369757
2021-01-13 01:00:00,2077.896383042139,0.09392399682184305,38.40307622027134,1.026059977829893,1.0500000104162637,1.2978619257781314,2.030288371265532,0.7500000098270857,-0.08645487992184864,0.8999999917469167,2.609883511844671,0.4499999911609942,-0.26701427724547067
2021-01-13 02:00:00,2174.681334629934,0.09900498377455591,39.73325982337115,1.024539385626094,1.050000010421295,1.2771206078717,2.108536567234937,0.7500000084145594,-0.09272893994664809,0.8999999917698547,2.6427474399004223,0.4499999911717967,-0.267014262968955
2021-01-13 03:00:00,1764.138326494756,0.08446767023986368,40.0098956947944,1.0246704160446674,1.0500000104181502,1.2437126482075682,2.1181962758003134,0.7500000097484266,-0.07695224789877905,0.8999999914475492,2.387214051293237,0.4499999910049401,-0.26701430347349303
2021-01-13 04:00:00,1656.4796013085008,0.09030443862890536,40.18143326717866,1.0245785572323045,1.0500000104267417,1.2393083546201742,2.1506591347826336,0.7500000065150288,-0.1047704423155552,0.8999999915630194,2.670430328826816,0.4499999910807499,-0.2670142458687711
2021-01-13 05:00:00,1589.5204353135225,0.08489766757909578,39.71289232504011,1.0251150658425274,1.0500000104194473,1.2000003410288431,2.099131907590629,0.7500000080064819,-0.08518573005936235,0.8999999914823005,2.547824231781945,0.44999999103223814,-0.2670142882504283
2021-01-13 06:00:00,1751.8864966746378,0.09079496621781402,38.883239998576435,1.0252856621887445,1.0500000104229665,1.2332852390436848,2.0748467824619063,0.7500000073886366,-0.09711844009206078,0.8999999915708647,2.69921107710888,0.44999999108633276,-0.26701420935607945
2021-01-13 07:00:00,1804.7188062732278,0.08541866377438012,39.9004968916104,1.0245966997187215,1.0500000104191463,1.3961894670041874,2.0747562630318184,0.7500000216924884,-0.022236529172054965,0.8999999914526607,2.4046120494558823,0.4499999910096202,-0.2670143026434778
2021-01-13 08:00:00,1934.4690403820352,0.0917646637821079,40.40978505330621,1.0238294893959594,1.050000010431327,1.336719214266397,2.2200908433980895,0.7500000051665642,-0.11182816214861599,0.8999999915247983,2.504352148737717,0.44999999104934063,-0.26701429444767066
2021-01-13 09:00:00,1846.3940432318232,0.08796411720541997,40.32613085814112,1.0237757852337017,1.050000010412092,1.4576064814913516,2.1502765974803326,0.750000012886501,-0.05245740709306341,0.8999999914104333,2.3995319890802693,0.44999999098762017,-0.2670143030039541
2021-01-13 10:00:00,1876.9410537870187,0.08631762456026593,40.06951734114859,1.0239138090816908,1.050000010423354,1.3696318403179812,2.188978978042869,0.7500000079713656,-0.07692175490154868,0.8999999913884211,2.3190876661671114,0.44999999097498755,-0.26701430693149897
2021-01-13 11:00:00,1975.085797216284,0.09634196272327955,43.4500846171195,1.0211503611505062,1.0500000104202833,1.5233414649008334,2.3422294364442187,0.750000010991606,-0.057811647085870714,0.899999991531704,2.4534785297420325,0.44999999105853317,-0.26701429957080564
2021-01-13 12:00:00,1948.7142757910804,0.09267457452932248,43.09478134855675,1.0214115362709844,1.0500000104122373,1.66537008017813,2.291310587127281,0.7500000148426478,-0.038860984560007576,0.8999999914227367,2.3135146437592202,0.4499999909941802,-0.2670143075231185
2021-01-13 13:00:00,1844.9263422992994,0.08640314047000075,40.60380867902101,1.023850538517771,1.0500000104216105,1.6047978696581164,2.103215636397927,0.7500000383545987,-0.0034138521478562465,0.8999999914538587,2.3513526767806856,0.44999999101757043,-0.26701430616210303
2021-01-13 14:00:00,1984.2400842776317,0.09207619994070626,40.137749707924335,1.0238399675080885,1.0500000104118419,1.5128223317307399,2.1450112503457466,0.7500000166046223,-0.010040341352774883,0.8999999915295602,2.478286710043122,0.4499999910608207,-0.26701429887957506
2021-01-13 15:00:00,1827.369164213827,0.08759685997826594,39.6915694411676,1.02453104177785,1.0500000104287528,1.345721281037084,2.21539707300102,0.7500000054919108,-0.0553937248823832,0.8999999914843331,2.4451556072172633,0.449999991036679,-0.26701430168225226
2021-01-13 16:00:00,1739.1788489734656,0.08998142544864152,40.261972795354964,1.0242849203904232,1.0500000104177192,1.3256403430379355,2.154197418260171,0.7500000099424993,-0.055342749207108514,0.8999999915608472,2.5784255819925264,0.4499999910872721,-0.26701428829477175
2021-01-13 17:00:00,1809.8509442626075,0.08696955474119505,38.20412896711628,1.0260489920073328,1.0500000104315401,1.2121388171944911,2.097308139365284,0.750000004467574,-0.12896396802972557,0.8999999915693666,2.5394908630679294,0.44999999108776223,-0.26701429416237626
2021-01-13 18:00:00,1993.9959260266753,0.08726575326107167,38.17902390820423,1.0256159019694486,1.0500000104396656,1.6336001704649794,2.0265985967563855,0.750000019261279,0.2765530942254563,0.8999999915164556,2.412135560675918,0.44999999105465915,-0.2670143039411401
2021-01-13 19:00:00,2049.3526560191635,0.09571396728464876,38.51453970828922,1.0256326083748784,1.0500000104386547,1.8039231460446352,2.119306926712284,0.7500000137706967,0.4501632910524517,0.8999999917740612,2.715279937573127,0.44999999120689493,-0.2670142167214336
2021-01-13 20:00:00,1940.6118708649442,0.08735319896696225,37.457830588952525,1.026564240316811,1.050000010422473,1.584631936638676,2.0921823326007365,0.7500000094898464,-0.08051613696256402,0.8999999915628157,2.5032676357958947,0.44999999107573485,-0.26701429720420194
2021-01-13 21:00:00,1879.4384948822558,0.09357171851087642,39.18242113279103,1.0258641597638012,1.0500000104297702,1.456140622715664,1.9847731941201856,0.750000016192998,-0.05256306929125304,0.8999999916645454,2.739366842080286,0.44999999114177375,-0.2670141712092873
2021-01-13 22:00:00,1822.2066059238991,0.08941105109314762,40.01859758569194,1.0244843427934793,1.0500000104140588,1.4534173469195883,2.123493780580151,0.7500000194152342,-0.03493049107757358,0.8999999915536182,2.51962597285426,0.44999999107712774,-0.2670142956583356
2021-01-13 23:00:00,1814.5968762414452,0.09694015839403392,40.267205170450374,1.0246079427890327,1.050000010412608,1.4559570248565223,2.180501437608893,0.7500000132681016,-0.059229046572704364,0.8999999920208998,2.8574316801052984,0.4499999914150509,-0.20621304759350984
2021-01-14 00:00:00,2176.686127694219,0.09399519469023687,37.623406896352606,1.026515144674216,1.0500000104298963,1.405526049291808,2.0197916423587303,0.7500000142462543,-0.060486724854442925,0.8999999919043126,2.634330926273449,0.4499999912617982,-0.2670142683693497
2021-01-14 01:00:00,2127.7264813347256,0.09513693176796778,39.25494144293463,1.025491553651121,1.050000010411794,1.2869581666451784,2.0912786441471636,0.7500000124743088,-0.06510318020261749,0.8999999919279748,2.6112698854395,0.4499999912673346,-0.2670142734718991
2021-01-14 02:00:00,2013.3174552074179,0.08641683521279475,38.305878873083024,1.0260256451339007,1.0500000104226144,1.2000000376514484,2.0252322482644765,0.7500000028479097,-0.1124345019192671,0.8999999916978757,2.4244504119382317,0.44999999114523853,-0.2670143014372554
2021-01-14 03:00:00,1526.968243504809,0.07946827751219843,39.36069700439866,1.0255714550443797,1.0500000104138263,1.2020345292611947,2.043759751822213,0.7500000110815697,-0.08015646893458332,0.8999999914757691,2.4405057336368707,0.4499999910415484,-0.2670143002160877
2021-01-14 04:00:00,1592.1040007562574,0.08060834473246103,39.14812605809154,1.0254623133829106,1.0500000104190266,1.2000000802154975,2.04841409689363,0.7500000056277893,-0.09197335909621752,0.8999999915153972,2.4673472085294876,0.4499999910649946,-0.26701429794699516
2021-01-14 05:00:00,1615.5686019478208,0.0770618519324131,37.64293232563355,1.0267802113668387,1.050000010426983,1.2000000658829904,1.9462550429727878,0.7500000067251662,-0.08546341436754812,0.8999999914872181,2.3994006863755706,0.449999991045817,-0.2670143031545874
2021-01-14 06:00:00,1640.9800737368246,0.08164251450769555,39.92752787386033,1.0246208228096565,1.050000010426989,1.2175579773399636,2.110985471067955,0.75000000630422,-0.12037034692751951,0.8999999914497114,2.3897807567451834,0.44999999102538385,-0.2670143034496769
2021-01-14 07:00:00,1705.6163480336231,0.08522313908885693,37.80582529477125,1.026603979859304,1.0500000104236384,1.2620808023410952,2.053721920294766,0.7500000071768684,-0.11409117668987497,0.8999999916432401,2.650894234787997,0.44999999113850686,-0.26701425649717503
2021-01-14 08:00:00,1774.138171734066,0.08532993141897549,38.6178653404605,1.0258047899438885,1.0500000104191451,1.2841406363848362,2.0265729102016716,0.7500000122042085,-0.07236483148669336,0.8999999916103071,2.561769671766173,0.44999999111570965,-0.26701428597196103
2021-01-14 09:00:00,1768.9523891618696,0.08583874809602676,38.771236436317935,1.025518893284589,1.050000010420941,1.341351214855081,2.0505741867886162,0.7500000081874713,-0.10429970444086863,0.8999999915842194,2.5613182793757203,0.44999999110304106,-0.2670142862372466
2021-01-14 10:00:00,1832.4477828944337,0.08505477011626184,38.47845213025567,1.0257513549704922,1.0500000104256655,1.3382296684867128,2.052803907262758,0.7500000142845964,0.013518088132091682,0.8999999916512258,2.542727920878797,0.44999999114711653,-0.2670142888468663
2021-01-14 11:00:00,1742.4384459738935,0.09055737964715149,40.19847140455378,1.0243803214430212,1.0500000104086886,1.4111196765639302,2.177814112594778,0.7500000143422958,0.06917277623299775,0.899999991856602,2.6951986534656847,0.44999999132694285,-0.22268596605754945
2021-01-14 12:00:00,1818.8196856738127,0.09489733551395929,40.22262544358037,1.0240309882817096,1.050000010410785,1.4344679645150902,2.196236123991931,0.7500000113778997,0.057222525053884546,0.8999999919712189,2.7647913016706323,0.4499999914131488,-0.19620383473794603
2021-01-14 13:00:00,1802.0485903151155,0.0918647618005437,40.113156566307445,1.0241360793981518,1.0500000104078926,1.4359943876733572,2.1690919952367693,0.7500000123984497,0.05924356163436643,0.899999991714249,2.6767086929206623,0.4499999911973619,-0.26701425185084
2021-01-14 14:00:00,1953.53574090317,0.09429077904331962,38.608987731479544,1.0252668994464642,1.0500000104223353,1.3957837005434388,2.1017328730449725,0.7500000116279201,0.057271259559445876,0.8999999919261866,2.780416578540047,0.449999991324566,-0.26640508178588973
2021-01-14 15:00:00,1670.3111581419112,0.08936181275338839,38.849519719940595,1.0251453644383008,1.050000010428145,1.2000000226628431,2.1706365680592823,0.7500000003611432,-0.004016048502363168,0.8999999917578702,2.7529132643077565,0.4499999912234688,-0.2670140800100998
2021-01-14 16:00:00,1698.4658272359995,0.09053046600091363,39.393362354658606,1.0261565670374988,1.0500000104194396,1.2221334732525935,2.1405948648142945,0.7500000074166853,0.029901391524094597,0.8999999918546181,2.807263453205205,0.44999999128490853,-0.24497973406054108
2021-01-14 17:00:00,1768.9398047830418,0.08595095410134945,38.64423589767484,1.0285415898713208,1.0500000104377714,1.3918175254745702,2.0007092876864943,0.7500000075593616,0.01577624062042149,0.8999999917940043,2.7702425200727117,0.44999999124263357,-0.2670124744799078
2021-01-14 18:00:00,2026.290736390947,0.09807042105425978,40.68269136544737,1.0267027665615356,1.0500000104232428,1.5300386067504927,2.0983982124283167,0.7500000060610215,-0.002869819138041848,0.8999999920761117,2.8587789256324596,0.44999999141043645,-0.21001214719658687
2021-01-14 19:00:00,1994.8707182320672,0.09921020154073545,40.62915031336939,1.0257181483465103,1.050000010418641,1.552124518764225,2.163788820436927,0.7500000082553854,0.013528290506166992,0.8999999921231803,2.8593853039509782,0.44999999143862746,-0.21290207315553486
2021-01-14 20:00:00,1934.208995776469,0.08585409193778659,36.47607495321884,1.0275307785575334,1.0500000104253044,1.5399408052651393,2.1057624121630383,0.7500000061466917,-0.006847211017034699,0.8999999917606447,2.5798282223701237,0.4499999912135041,-0.26701428744699374
2021-01-14 21:00:00,1955.404667018699,0.0857906913574098,36.73330080338896,1.0279204376044488,1.0500000104463485,1.7289248291191401,1.9779572736177757,0.7500000219552772,0.0818371017498848,0.8999999917797705,2.5989691037238853,0.4499999912245589,-0.267014283874429
2021-01-14 22:00:00,1995.188083004083,0.09179354366512271,39.996802791694,1.0289117957049223,1.0500000104476273,1.639630745676855,1.9469746848036027,0.7500000139002436,0.04376470840262094,0.8999999920005589,2.8273097687420155,0.44999999136114177,-0.23953640512214205
2021-01-15 00:00:00,2316.931281330863,0.09226888601503447,37.64204870550398,1.03,1.0500000104622846,1.427427370453384,1.7259818048382973,0.7500001324979325,0.12073834246288416,0.899999991893291,2.626623442833416,0.4499999912314436,-0.2670142754190287
2021-01-15 01:00:00,2071.160977358458,0.08844170696549014,37.205470345720684,1.0289830425757616,1.0500000104386056,1.2135575778605068,1.9630757186205994,0.7500000076070333,-0.007091608971551451,0.899999991757449,2.597699262671667,0.4499999911682204,-0.26701428119961457
2021-01-15 02:00:00,2187.1174737198075,0.09724096440872643,39.46493451417823,1.0250864872143226,1.0500000104291363,1.3560672400507057,2.215439297230697,0.7500000048914256,-0.020012492715893903,0.8999999917823823,2.5668363510521197,0.4499999911726484,-0.26701428644036784
2021-01-15 03:00:00,2181.2544598848194,0.09646447445488704,39.08998967580072,1.0253842198749104,1.050000010417975,1.390911531896115,2.1622499759413243,0.7500000085086029,0.014654681899471158,0.8999999917736575,2.572578005747705,0.4499999911691161,-0.26701428543828604
2021-01-15 04:00:00,1956.1139365740112,0.08992492790488882,38.750857039504204,1.025498269241091,1.0500000104293685,1.3400938174545034,2.1812296113497016,0.7500000046179645,-0.023586659198440472,0.8999999915945984,2.5362525907322193,0.44999999108664906,-0.2670142910145453
2021-01-15 05:00:00,1835.8394020746257,0.08698181164038488,37.6523514184609,1.0262531867830575,1.0500000104197957,1.3617532485837003,2.100258910421514,0.7500000073355191,0.0029330865170910728,0.8999999915242453,2.5660476032324167,0.4499999910561952,-0.26701428649231856
2021-01-15 06:00:00,1987.9419636183131,0.0930014172728022,38.932907212196014,1.0268283169973091,1.050000010442218,1.4545214156358448,1.981762002569915,0.7500000199918656,0.06397217592188995,0.8999999916893522,2.741427182698757,0.449999991148021,-0.26701409324054715
2021-01-15 07:00:00,2010.8546320700123,0.09206825751078185,38.38646906464992,1.0254573244713392,1.0500000104224918,1.486268693646815,2.16966575311108,0.7500000070117075,-0.006963170884608112,0.8999999916013978,2.5885661151508637,0.44999999109413624,-0.2670142817804571
2021-01-15 08:00:00,2145.3159943936607,0.09554263089915693,38.12963366790622,1.026107278512218,1.0500000104297813,1.5289626786466533,2.1042335161449452,0.750000011133181,0.028654131219189232,0.8999999917056933,2.679689863564972,0.4499999911504978,-0.2670142403804792
2021-01-15 09:00:00,1915.0348765259255,0.08905764902394253,37.884124448760744,1.0268139596814216,1.0500000104277087,1.3518845265292643,2.0494761397954937,0.7500000082458647,0.005072690484708535,0.899999991952491,2.700412664419125,0.4499999913884334,-0.21600515584969512
2021-01-15 10:00:00,1871.5304003025901,0.08726503674323283,37.77371757990845,1.0261916174648174,1.0500000104289833,1.4085636681991505,2.05964195413188,0.7500000121740771,0.03486962734882048,0.8999999917430314,2.6300658468883937,0.44999999121046996,-0.26701427149339035
2021-01-15 11:00:00,1833.8829303817713,0.08615730673134792,39.57527063133144,1.0249368322296177,1.0500000104241667,1.3710995844100304,2.194122194553668,0.7500000064677831,-0.002535196210865138,0.8999999916008329,2.4660838599872563,0.449999991111046,-0.26701429948444355
2021-01-15 12:00:00,1819.2000332912996,0.08442849944658803,38.81048691967247,1.0257431691452956,1.0500000104178224,1.4451821325293932,2.1353814525937476,0.7500000114040507,0.052608126683106306,0.8999999916968539,2.5163260212999683,0.44999999117581463,-0.26701429343729616
2021-01-15 13:00:00,1784.5060916620778,0.09050809915456881,40.67551172624974,1.024185115293404,1.050000010425981,1.4046318633361208,2.2462165806509815,0.7500000061438827,-0.0017352435499148396,0.8999999916782978,2.593996416889768,0.4499999911560048,-0.2670142828206023
2021-01-15 14:00:00,1668.0853300711149,0.08819319945503068,38.8806112938679,1.025794354263253,1.0500000104295089,1.3401543998491017,2.18137619197782,0.7500000046153326,-0.0269184982361477,0.8999999918088746,2.7562783839701197,0.4499999912525201,-0.26701357143743415
2021-01-15 15:00:00,1671.7281255280575,0.08565308302718933,38.337153331386716,1.0264202692096829,1.0500000104266771,1.2378927179685737,2.142363957890572,0.7500000053347605,-0.02062979348564741,0.8999999916583595,2.6451688237068214,0.4499999911437614,-0.267014262167371
2021-01-15 16:00:00,1739.8589250489254,0.08497945514958971,37.54965693254758,1.0272095510184402,1.050000010424466,1.2000000625662093,2.0617871961622534,0.7500000028467224,-0.01735819005035579,0.8999999918012702,2.7068447783853706,0.4499999912406149,-0.2670141890371878
2021-01-15 17:00:00,1788.4094688658347,0.07654572241692037,36.43687529980362,1.028274994953831,1.0500000103973188,1.6264233218317745,1.8658542405305887,0.7500000115058014,0.03251664346426699,0.8999999930933339,2.3103807406658383,0.4499999923616978,0.06539384706685236
2021-01-15 18:00:00,2093.655782763283,0.08990815352721526,39.505978331759145,1.029476313836204,1.050000010423661,1.611896420310054,2.169616375131883,0.7500000064781773,-0.003141737974375529,0.8999999925837916,2.716376335730624,0.4499999918051848,-0.1140496879234236
2021-01-15 20:00:00,2032.553506278602,0.08455875306419358,36.84555407925437,1.0286423850227229,1.0500000104258962,1.6090852119411825,1.937561713219364,0.750000010814064,0.14564081984252183,0.8999999921482811,2.589002633689937,0.4499999914771379,-0.21630910921058807
2021-01-15 21:00:00,2024.5654988910128,0.08496661144378592,36.24656726235669,1.0286050427861,1.050000010461777,1.6646846856734943,1.8806606890602102,0.7500000561337622,0.572309792861682,0.8999999915244229,2.5071225937481403,0.44999999105511307,-0.26701429618252054
2021-01-15 22:00:00,1877.1665240697218,0.08075680298598087,35.979634414636884,1.0277663254539111,1.050000010458354,1.6893466036232463,1.8301942168697276,0.7500012526168132,0.25325436797796796,0.8999999914370505,2.3779578382767568,0.4499999910038738,-0.26701430501344964
2021-01-15 23:00:00,1892.8376085176085,0.08776353911866863,38.146004866131136,1.0260330345413773,1.0500000104498086,1.5998943056839083,1.9438953988201362,0.7500003138835999,0.1901621981450699,0.8999999915493456,2.5372604902088622,0.4499999910660244,-0.26701429138630656
2021-01-16 00:00:00,2298.8513215804123,0.09664656163871399,37.99123304483219,1.0276473329673237,1.0500000104573244,1.610377084435154,1.8924153826805126,0.8134299126809802,0.24753268550778731,0.8999999918758051,2.6628229049047003,0.4499999912250475,-0.26701425775255183
2021-01-16 01:00:00,2344.84080235745,0.09430671295989157,37.84791212442506,1.0294780052042125,1.050000010462263,1.499390579722454,1.769142163412616,0.7500016035373159,0.19501394810843528,0.899999991876469,2.6544084493730487,0.44999999122245454,-0.26701426035444387
2021-01-16 02:00:00,2337.133384211712,0.10074328953847811,39.367872283692165,1.0277941795086443,1.0500000104454852,1.3777896464883086,1.9406222222556209,0.7500000190139927,0.06688332544632208,0.8999999920091896,2.774347835022715,0.44999999128749124,-0.26700128040653126
2021-01-16 03:00:00,2254.3309217887627,0.0973890312081167,38.51656101096334,1.025791115905422,1.0500000104245026,1.347541543922235,2.0834761450747896,0.7500000133414879,0.045063547063690874,0.8999999918142656,2.5774671692328384,0.44999999118821865,-0.2670142849869011
2021-01-16 04:00:00,2261.0015432857504,0.09607334397272638,38.409861666776315,1.0256826855795504,1.0500000104232157,1.326337135545698,2.0972618023042147,0.7500000117463679,0.0464815700936122,0.8999999917472828,2.529907124049606,0.44999999115507633,-0.2670142925268861
2021-01-16 05:00:00,2001.4142783557265,0.09134956174397146,39.78717629226026,1.024496755232754,1.050000010413904,1.3839053283127785,2.1426056085538723,0.7500000143387833,0.05023176587608193,0.8999999915757426,2.490910132586854,0.449999991075389,-0.26701429656648723
2021-01-16 06:00:00,1811.0802701200087,0.08848379505610637,37.834978323363494,1.0264508372080268,1.0500000104238827,1.2855868483572466,2.067823923712403,0.7500000092429993,0.01573071891481537,0.8999999916002859,2.648011323867407,0.4499999911000212,-0.2670142644119572
2021-01-16 07:00:00,1947.0377420636946,0.09372884812837512,38.57415135537469,1.0256971583325267,1.0500000104294476,1.3215564242338584,2.0585941222838136,0.7500000168018033,0.055689513323036996,0.8999999917016025,2.712587305429149,0.4499999911514487,-0.2670141987894056
2021-01-16 08:00:00,2020.9594245826188,0.09475275145527462,38.52563475570991,1.0257638245631662,1.0500000104389378,1.390733689038425,2.0180215316332313,0.7500000304365648,0.09264713498279023,0.8999999917193386,2.7087422635381886,0.44999999115897005,-0.26701420447256363
2021-01-16 09:00:00,2099.911387138047,0.09449319787283628,39.43303970197336,1.0245110087816076,1.0500000104366958,1.6437989792587417,2.134457142186554,0.7500000586763371,0.12920229871284503,0.899999991616143,2.553731909798742,0.449999991099333,-0.2670142889385514
2021-01-16 10:00:00,2001.9565267914393,0.09043808564020495,37.969619661356425,1.0254746331035034,1.0500000104255502,1.5520373973095472,2.5757535571519723,0.7500000088334156,0.033424297398542906,0.8999999916283659,2.582171727742502,0.4499999911276937,-0.26701428266083105
2021-01-16 11:00:00,1875.1948466590422,0.09541639918212041,39.64333925294031,1.0251338475694525,1.0500000104188145,1.4628681141207869,2.256451968973454,0.7500000088275772,0.03123150856209133,0.8999999920589644,2.832872439713262,0.44999999143643094,-0.19718380024869378
2021-01-16 12:00:00,1839.708053952337,0.09804442099742872,40.79498621986436,1.0236827239088884,1.050000010423465,1.4055376689622299,2.2438644704366757,0.7500000069702261,0.012000071918703436,0.8999999920441253,2.8380063977704686,0.44999999141843694,-0.21464324789434036
2021-01-16 13:00:00,1780.6161816970841,0.09271644217309927,39.75725108497038,1.0247131032915937,1.0500000104105995,1.4403191154931896,2.2264580268821876,0.7500000120660767,0.051845061694652896,0.8999999919725513,2.759583197527771,0.44999999139823765,-0.21621450480515444
2021-01-16 14:00:00,1697.6161600393273,0.08868609315736364,39.426033591484035,1.025368743142986,1.0500000104204277,1.2967695530860635,2.155919615496691,0.750000007532621,0.007594631350078324,0.8999999918541587,2.718784452623201,0.44999999128480883,-0.26701419933947373
2021-01-16 15:00:00,1912.7295316681673,0.08594393818045276,36.6372695485581,1.0270215821947448,1.050000010432293,1.3031933765615684,2.002586440473525,0.7500000086403553,0.014295758256994057,0.8999999917068853,2.603538736681108,0.4499999911846365,-0.2670142778144785
2021-01-16 16:00:00,1843.5272206251866,0.08939423898405607,38.2526564673557,1.0260779009679357,1.0500000104176386,1.3686672094535821,2.0942857242712627,0.7500000079705097,0.014843185358741517,0.8999999918313214,2.70565117897422,0.4499999912574625,-0.2670142126690275
2021-01-16 17:00:00,2046.803359206635,0.09609240143673148,38.99299732698912,1.0257142480356536,1.0500000104298084,1.42574791085597,2.0492287093433847,0.7500000134514562,0.046230455909509145,0.8999999919284737,2.7862369045843316,0.4499999913098111,-0.26454796011981585
2021-01-16 18:00:00,2081.6778324277147,0.0913062484331455,38.54480850082211,1.0249254331184454,1.050000010431134,1.6890323100437221,2.066305377231796,0.7500000177055891,0.06112009662546031,0.8999999916890897,2.5244955741167345,0.4499999911781125,-0.2670142950631688
2021-01-16 19:00:00,1999.530575228516,0.08633724212553062,36.701983037723046,1.0277814399842538,1.0500000104497555,1.6997989078696771,1.909174637117046,0.7500000258640827,0.08190255797167892,0.8999999917907314,2.612269281902578,0.4499999912439414,-0.2670142809597261
2021-01-16 20:00:00,2152.8127423920473,0.089008880806702,36.72435805365081,1.0280036575977363,1.0500000104549918,1.9159140036749238,1.9126030100432534,0.7500000448514884,0.10935783068568615,0.8999999917952477,2.6149250483040594,0.44999999123943585,-0.2670142789353343
2021-01-16 21:00:00,2180.636129529067,0.09002254958897993,37.557302333582484,1.0289521126112937,1.0500000104629346,1.776790032636111,1.764301328811535,0.7500021591289149,0.1443665065100952,0.8999999918193439,2.6792611684124097,0.4499999912543218,-0.2670142516140479
2021-01-16 22:00:00,2197.7885214990547,0.09159464065466238,37.03845230880775,1.027804377454242,1.0500000104609577,1.783678102536915,1.815680581787569,0.7500050688270495,0.14791424081327975,0.8999999917230899,2.6398274691220136,0.4499999911959621,-0.26701426857902816
2021-01-16 23:00:00,2159.3535755659923,0.09446739263858106,38.005625528540534,1.026853622181677,1.0500000104548288,1.7325017794865354,1.9124782418415966,0.7500000743237313,0.12909905330728258,0.8999999917683923,2.713034822150046,0.44999999122384216,-0.267014208260084
